PeakID (cmd=annotatePeaks.pl filtered_anova_cluster1.tsv mm10 -go filtered_anova_cluster1_anno_go -annStats filtered_anova_cluster1_anno.stats)	Chr	Start	End	Strand	Peak Score	Focus Ratio/Region Size	Annotation	Detailed Annotation	Distance to TSS	Nearest PromoterID	Entrez ID	Nearest Unigene	Nearest Refseq	Nearest Ensembl	Gene Name	Gene Alias	Gene Description	Gene Type
1-178	chr3	106138008	106138007	-	1	NA	Intergenic	L1Md_T|LINE|L1	24625	NM_023186	81600		NM_023186	ENSMUSG00000062778	Chia1	2200003E03Rik|AMCase|Chia|YNL	chitinase, acidic 1	protein-coding
1-102	chr13	68444522	68444521	+	1	NA	Intergenic	RLTR6-int|LTR|ERV1	-87696	NR_152173	666272		NR_152173	ENSMUSG00000113050	Gm8016	EG666272	predicted gene 8016	ncRNA
1-20	chr1	85511803	85511802	-	1	NA	Intergenic	Intergenic	-33013	NM_001378663	101055758		NM_001378663	ENSMUSG00000118607	Gm7592	EG665338	predicted gene 7592	protein-coding
1-333	chr7	15288395	15288394	-	1	NA	Intergenic	Intergenic	-100457	NM_145708	246792		NM_145708	ENSMUSG00000074369	Obox2	-	oocyte specific homeobox 2	protein-coding
1-110	chr14	64452579	64452578	+	1	NA	intron (NM_026322, intron 3 of 10)	intron (NM_026322, intron 3 of 10)	3325	NM_026322	110265		NM_026322	ENSMUSG00000054733	Msra	2310045J23Rik|6530413P12Rik|MSR-A	methionine sulfoxide reductase A	protein-coding
1-398	chrY	90787970	90787969	-	1	NA	intron (NR_137282, intron 1 of 2)	intron (NR_137282, intron 1 of 2)	2527	NR_137282	170942		NM_133362		Erdr1x	Erdr1|Gm21887|Gm55594|edr	erythroid differentiation regulator 1 x	protein-coding
1-327	chr6	23460381	23460380	-	1	NA	intron (NM_001252107, intron 8 of 13)	(CTGTG)n|Simple_repeat|Simple_repeat	189925	NM_198251	386611		NM_198251	ENSMUSG00000051956	Rnf133	Greul2	ring finger protein 133	protein-coding
1-331	chr6	81866388	81866387	-	1	NA	Intergenic	IAPEy-int|LTR|ERVK	29276	NR_106091	102465711		NR_106091	ENSMUSG00000106154	Mir7232	mmu-mir-7232	microRNA 7232	ncRNA
1-145	chr17	34969039	34969038	-	1	NA	TTS (NM_010479)	TTS (NM_010479)	3118	NM_010479	193740		NM_010479	ENSMUSG00000091971	Hspa1a	Hsp70-3|Hsp70.3|Hsp72|hsp68|hsp70A1	heat shock protein 1A	protein-coding
1-310	chr5	145675985	145675984	+	1	NA	Intergenic	IAP1-MM_I-int|LTR|ERVK	44152	NM_017396	53973		NM_017396	ENSMUSG00000075551	Cyp3a41a	Cyp3a41	cytochrome P450, family 3, subfamily a, polypeptide 41A	protein-coding
1-45	chr1	126986061	126986060	+	1	NA	Intergenic	Intergenic	-155428	NM_001081756	210356		NM_172484	ENSMUSG00000049690	Nckap5	8430408F21|D130011D22Rik|E030049G20Rik|Erih1|Erih2|Gm1548|Nap5	NCK-associated protein 5	protein-coding
1-282	chr5	15514109	15514108	+	1	NA	Intergenic	L1_Mm|LINE|L1	15114	NM_001310449	100861755		NM_001310449	ENSMUSG00000106445	Gm21190	-	predicted gene, 21190	protein-coding
1-292	chr5	87945086	87945085	-	1	NA	intron (NR_045924, intron 2 of 4)	(TTTG)n|Simple_repeat|Simple_repeat	19506	NM_001356570	12994		NM_007786	ENSMUSG00000001622	Csn3	CSN10|Csnk	casein kappa	protein-coding
1-378	chrX	19564877	19564876	+	1	NA	Intergenic	L1Md_A|LINE|L1	-83557	NM_207524	278255		NM_207524	ENSMUSG00000068149	Tex13c3	Gm720	TEX13 family member C3	protein-coding
1-314	chr5	145687153	145687152	-	1	NA	Intergenic	L1Md_F2|LINE|L1	32984	NM_017396	53973		NM_017396	ENSMUSG00000075551	Cyp3a41a	Cyp3a41	cytochrome P450, family 3, subfamily a, polypeptide 41A	protein-coding
1-132	chr17	13226870	13226869	+	1	NA	exon (NM_013741, exon 2 of 3)	exon (NM_013741, exon 2 of 3)	-3394	NM_001167913	236574		NM_001167913	ENSMUSG00000073457	Smok2b	Gm1847|Smok+129	sperm motility kinase 2B	protein-coding
1-303	chr5	101674405	101674404	-	1	NA	Intergenic	L1Md_F2|LINE|L1	-9693	NM_144955	18096		NM_144955	ENSMUSG00000035187	Nkx6-1	NKX6A|Nkx6.1	NK6 homeobox 1	protein-coding
1-281	chr5	15507770	15507769	+	1	NA	Intergenic	Intergenic	21453	NM_001310449	100861755		NM_001310449	ENSMUSG00000106445	Gm21190	-	predicted gene, 21190	protein-coding
1-352	chr7	123129550	123129549	-	1	NA	intron (NM_144925, intron 2 of 23)	intron (NM_144925, intron 2 of 23)	5664	NM_144925	233833		NM_144925	ENSMUSG00000052707	Tnrc6a	2010321I05Rik|3110054G10Rik|CAGH26|D130023A07Rik|GW182|Tnrc6	trinucleotide repeat containing 6a	protein-coding
1-190	chr3	106280395	106280394	-	1	NA	Intergenic	Intergenic	-60915	NM_145126	104183		NM_145126	ENSMUSG00000063779	Chil4	Chi3l4|Ym2	chitinase-like 4	protein-coding
1-174	chr3	36296143	36296142	-	1	NA	Intergenic	Intergenic	-73867	NM_198192	229214		NM_198192	ENSMUSG00000058400	Qrfpr	AQ27|Gpr103|SP9155	pyroglutamylated RFamide peptide receptor	protein-coding
1-328	chr6	30804614	30804613	-	1	NA	intron (NR_149738, intron 21 of 24)	intron (NR_149738, intron 21 of 24)	63314	NR_029900	723930		NR_029900	ENSMUSG00000065501	Mir335	Mirn335|mir-335|mmu-mir-335	microRNA 335	ncRNA
1-397	chrY	90761459	90761458	-	1	NA	Intergenic	CpG	-6408	NR_137283	654820		NM_001039559	ENSMUSG00000072844	G530011O06Rik	-	RIKEN cDNA G530011O06 gene	ncRNA
1-212	chr4	145830062	145830061	+	1	NA	TTS (NM_001083918).2	TTS (NM_001083918).2	-7158	NR_033612	236069		NR_033612	ENSMUSG00000096233	Gm13238	-	carnitine deficiency-associated gene expressed in ventricle 3 pseudogene	pseudo
1-154	chr19	31284002	31284001	-	1	NA	intron (NM_001013833, intron 3 of 17)	intron (NM_001013833, intron 3 of 17)	-67605	NR_002849	78103		NM_030041		8430431K14Rik	-	RIKEN cDNA 8430431K14 gene	ncRNA
1-113	chr15	36720015	36720014	-	1	NA	Intergenic	RLTR11A|LTR|ERVK	70918	NM_001253807	22631		NM_011740	ENSMUSG00000022285	Ywhaz	1110013I11Rik|14-3-3zeta	tyrosine 3-monooxygenase/tryptophan 5-monooxygenase activation protein, zeta polypeptide	protein-coding
1-149	chr17	50676643	50676642	-	1	NA	intron (NM_013880, intron 5 of 5)	intron (NM_013880, intron 5 of 5)	-22039	NM_001297747	12228		NM_009770	ENSMUSG00000022863	Btg3	ANA|tob5	BTG anti-proliferation factor 3	protein-coding
1-160	chr19	44982834	44982833	-	1	NA	3' UTR (NM_001081225, exon 20 of 20)	3' UTR (NM_001081225, exon 20 of 20)	1717	NR_040294	73894		NR_040294	ENSMUSG00000118204	4930414N06Rik	-	RIKEN cDNA 4930414N06 gene	ncRNA
1-256	chr4	147504358	147504357	-	1	NA	intron (NM_001365422, intron 1 of 3)	L1Md_F2|LINE|L1	-3241	NM_001039209	195531		NM_001039209	ENSMUSG00000078496	Zfp982	Gm13152	zinc finger protein 982	protein-coding
1-192	chr3	121313826	121313825	-	1	NA	intron (NM_024178, intron 2 of 3)	intron (NM_024178, intron 2 of 3)	22085	NM_024178	66789		NM_024178	ENSMUSG00000039887	Alg14	5430428G01Rik	asparagine-linked glycosylation 14	protein-coding
1-116	chr15	70488790	70488789	+	1	NA	Intergenic	L1Md_A|LINE|L1	564556	NR_045071	100503580		NR_045071	ENSMUSG00000116483	Gm19782	-	predicted gene, 19782	ncRNA
1-298	chr5	94454785	94454784	-	1	NA	Intergenic	L1Md_F2|LINE|L1	-71500	NM_001243937	100041102		NM_001243937	ENSMUSG00000095074	Pramel42	Gm3139	PRAME like 42	protein-coding
1-396	chrY	90761400	90761399	-	1	NA	Intergenic	CpG	-6349	NR_137283	654820		NM_001039559	ENSMUSG00000072844	G530011O06Rik	-	RIKEN cDNA G530011O06 gene	ncRNA
1-280	chr5	15463665	15463664	+	1	NA	Intergenic	Lx5c|LINE|L1	12872	NM_001374725	100861702		NM_001374725	ENSMUSG00000099762	Gm21149	-	predicted gene, 21149	protein-coding
1-171	chr3	15399648	15399647	+	1	NA	intron (NM_001002898, intron 4 of 5)	L1_Mus3|LINE|L1	26780	NM_001002898	320832		NM_178792	ENSMUSG00000095788	Sirpb1a	9930027N05Rik|SIRP-beta|Sirpb|Sirpb1	signal-regulatory protein beta 1A	protein-coding
1-203	chr4	61854158	61854157	+	1	NA	Intergenic	L1_Mus4|LINE|L1	-18977	NM_008649	17844		NM_008649	ENSMUSG00000058523	Mup5	Mup18	major urinary protein 5	protein-coding
1-279	chr5	15061544	15061543	-	1	NA	Intergenic	RLTR10C|LTR|ERVK	-28536	NM_182957	66773		NM_182957	ENSMUSG00000091897	Gm17019	-	predicted gene 17019	protein-coding
1-70	chr11	46158779	46158778	-	1	NA	intron (NM_172524, intron 2 of 5)	intron (NM_172524, intron 2 of 5)	7581	NM_172524	214112		NM_172524	ENSMUSG00000020411	Nipal4	9530066K23Rik	NIPA-like domain containing 4	protein-coding
1-201	chr4	61693862	61693861	-	1	NA	Intergenic	Intergenic	-19767	NM_001199333	100048884		NM_001199333	ENSMUSG00000078674	Mup18	100039228|Gm12561|Mup16|Mup6|Mup9	major urinary protein 18	protein-coding
1-59	chr10	108706773	108706772	-	1	NA	intron (NM_001358504, intron 4 of 11)	intron (NM_001358504, intron 4 of 11)	-6612	NM_203660	368203		NM_203660	ENSMUSG00000112039	Brcc3dc	C6.1AL|EG368203|Gm5136	BRCA1/BRCA2-containing complex, subunit 3, domain containing	protein-coding
1-48	chr1	160192290	160192289	-	1	NA	Intergenic	B3|SINE|B2	-2926	NM_025474	64659		NM_025474	ENSMUSG00000058267	Mrps14	1810032L21Rik|Rpms14	mitochondrial ribosomal protein S14	protein-coding
1-284	chr5	15680644	15680643	+	0.964285714285714	NA	promoter-TSS (NR_001585)	promoter-TSS (NR_001585)	-67	NR_001585	75858		NR_001585	ENSMUSG00000089871	Speer4cos	4930568L21Rik|SPEER-7|Speer7-ps|Speer7-ps1	spermatogenesis associated glutamate (E)-rich protein 4C, opposite strand transcript	pseudo
1-385	chrX	31738573	31738572	+	0.956521739130435	NA	Intergenic	L1Md_F2|LINE|L1	-223472	NM_001270685	100862314		NM_001270685	ENSMUSG00000095770	Spin2j	Gm21637	spindlin family, member 2J	protein-coding
1-62	chr11	3167670	3167669	+	0.954545454545455	NA	intron (NM_001363224, intron 9 of 28)	RLTR21|LTR|ERVK	25934	NM_030207	78887		NM_030207	ENSMUSG00000023764	Sfi1	-	Sfi1 homolog, spindle assembly associated (yeast)	protein-coding
1-134	chr17	13238094	13238093	-	0.95	NA	TTS (NM_001167913)	TTS (NM_001167913)	7830	NM_001167913	236574		NM_001167913	ENSMUSG00000073457	Smok2b	Gm1847|Smok+129	sperm motility kinase 2B	protein-coding
1-206	chr4	122038491	122038490	+	0.944444444444444	NA	Intergenic	MuRRS4-int|LTR|ERV1	-117657	NM_001378656	666931		NM_001378656		Gm10573	-	predicted gene 10573	protein-coding
1-400	chrY	90800261	90800260	+	0.941176470588235	NA	intron (NR_137282, intron 2 of 2)	intron (NR_137282, intron 2 of 2)	14818	NR_137282	170942		NM_133362		Erdr1x	Erdr1|Gm21887|Gm55594|edr	erythroid differentiation regulator 1 x	protein-coding
1-265	chr5	14973476	14973475	+	0.941176470588235	NA	intron (NR_001584, intron 2 of 3)	intron (NR_001584, intron 2 of 3)	5424	NM_001281514	100503549		NM_001281514	ENSMUSG00000072188	Speer4e2	Gm10354	spermatogenesis associated glutamate (E)-rich protein 4E2	protein-coding
1-311	chr5	145678199	145678198	+	0.941176470588235	NA	Intergenic	Intergenic	41938	NM_017396	53973		NM_017396	ENSMUSG00000075551	Cyp3a41a	Cyp3a41	cytochrome P450, family 3, subfamily a, polypeptide 41A	protein-coding
1-129	chr17	13193182	13193181	-	0.9375	NA	Intergenic	RLTR10A|LTR|ERVK	-11861	NR_033458	100038394		NR_033458	ENSMUSG00000117051	Gm10512	-	predicted gene 10512	ncRNA
1-268	chr5	14989824	14989823	-	0.9375	NA	Intergenic	MTEa|LTR|ERVL-MaLR	-10924	NM_001281514	100503549		NM_001281514	ENSMUSG00000072188	Speer4e2	Gm10354	spermatogenesis associated glutamate (E)-rich protein 4E2	protein-coding
1-358	chr8	19717573	19717572	-	0.9375	NA	Intergenic	Intergenic	-12004	NM_001270553	100861668		NM_001270553	ENSMUSG00000095294	Potefam3b	Gm21119|Pote3b	POTE ankyrin domain family member 3B	protein-coding
1-346	chr7	59797301	59797300	+	0.933333333333333	NA	non-coding (NR_146211, exon 48 of 172)	non-coding (NR_146211, exon 48 of 172)	-45720	NR_033779	64245		NR_033779	ENSMUSG00000119352	Snord116l2	Pwcr1l2	small nucleolar RNA, C/D box 116-like 2	snoRNA
1-285	chr5	15680645	15680644	-	0.933333333333333	NA	promoter-TSS (NR_001585)	promoter-TSS (NR_001585)	-66	NR_001585	75858		NR_001585	ENSMUSG00000089871	Speer4cos	4930568L21Rik|SPEER-7|Speer7-ps|Speer7-ps1	spermatogenesis associated glutamate (E)-rich protein 4C, opposite strand transcript	pseudo
1-139	chr17	13399233	13399232	-	0.933333333333333	NA	Intergenic	Intergenic	44660	NM_001167578	100041352		NM_001167578	ENSMUSG00000052469	Tcp10c	D17Leh66C|D17Leh66ca|Gm9880|T66C-a|Tcp-10c	t-complex protein 10c	protein-coding
1-270	chr5	15000021	15000020	-	0.933333333333333	NA	Intergenic	MMERVK10C-int|LTR|ERVK	-21121	NM_001281514	100503549		NM_001281514	ENSMUSG00000072188	Speer4e2	Gm10354	spermatogenesis associated glutamate (E)-rich protein 4E2	protein-coding
1-25	chr1	85594115	85594114	+	0.931034482758621	NA	intron (NM_175397, intron 4 of 12)	intron (NM_175397, intron 4 of 12)	4696	NM_030194	109032		NM_030194	ENSMUSG00000070034	Sp110	5031415C07Rik|52kDa|5830484A20Rik|Ifi75|Ipr1	Sp110 nuclear body protein	protein-coding
1-388	chrX	34334281	34334280	-	0.928571428571429	NA	Intergenic	IAPLTR3-int|LTR|ERVK	-172696	NM_001085552	668960		NM_001085552	ENSMUSG00000095716	Btbd35f10	Gm14351	BTB domain containing 35, family member 10	protein-coding
1-37	chr1	88282241	88282240	-	0.928571428571429	NA	Intergenic	Arthur1|DNA|hAT-Tip100	-4661	NM_198652	381280		NM_198652	ENSMUSG00000044783	Hjurp	6430706D22Rik|A730008H23Rik|C330011F01Rik|Gm975|Mfleg1	Holliday junction recognition protein	protein-coding
1-263	chr5	14903539	14903538	+	0.928571428571429	NA	Intergenic	Intergenic	11351	NM_198666	381714		NM_198666	ENSMUSG00000033219	Gm9758	-	predicted gene 9758	protein-coding
1-342	chr7	22889789	22889788	+	0.923076923076923	NA	intron (NM_001270494, intron 1 of 1).3	IAPEY5_LTR|LTR|ERVK	10967	NM_001270494	628664		NM_001270494	ENSMUSG00000094682	Gm6902	EG628664	predicted gene 6902	protein-coding
1-210	chr4	145690050	145690049	+	0.923076923076923	NA	intron (NM_001103158, intron 2 of 4)	intron (NM_001103158, intron 2 of 4)	19352	NM_001103158	100041379		NM_001103158	ENSMUSG00000058186	Zfp980	Gm13242	zinc finger protein 980	protein-coding
1-47	chr1	136253007	136253006	+	0.923076923076923	NA	Intergenic	Intergenic	7920	NM_001101516	383563		NM_001101516	ENSMUSG00000052759	Gpr25	Gm1300	G protein-coupled receptor 25	protein-coding
1-189	chr3	106251417	106251416	-	0.916666666666667	NA	Intergenic	MMERVK9C_I-int|LTR|ERVK	-31937	NM_145126	104183		NM_145126	ENSMUSG00000063779	Chil4	Chi3l4|Ym2	chitinase-like 4	protein-coding
1-382	chrX	31234871	31234870	+	0.916666666666667	NA	Intergenic	MuRRS4-int|LTR|ERV1	-101499	NM_001085552	668960		NM_001085552	ENSMUSG00000095716	Btbd35f10	Gm14351	BTB domain containing 35, family member 10	protein-coding
1-96	chr13	12922347	12922346	+	0.916666666666667	NA	Intergenic	B1_Mus2|SINE|Alu	83047	NM_031191	18811		NM_031191	ENSMUSG00000079092	Prl2c2	Ghd2|MRP-1|PLF-1|Plf|Plf1	prolactin family 2, subfamily c, member 2	protein-coding
1-143	chr17	13451418	13451417	+	0.91304347826087	NA	Intergenic	RSINE1|SINE|B4	-70039	NR_030763	272667		NR_030763	ENSMUSG00000121414	Smok4a	4930513D10Rik|Smok2c	sperm motility kinase 4A	pseudo
1-343	chr7	43175406	43175405	+	0.909090909090909	NA	Intergenic	Lx3B|LINE|L1	-2185	NM_001034893	668620		NM_001034893	ENSMUSG00000064194	Zfp936	EG435970|EG668620|Gm9272|I1C0022H11Rik	zinc finger protein 936	protein-coding
1-60	chr10	113960058	113960057	-	0.909090909090909	NA	Intergenic	Intergenic	-841669	NR_155864	102633245		NR_155864	ENSMUSG00000084865	Gm15723	-	predicted gene 15723	ncRNA
1-28	chr1	85616938	85616937	-	0.909090909090909	NA	intron (NM_001013817, intron 5 of 16)	intron (NM_001013817, intron 5 of 16)	-13046	NM_175397	109032		NM_030194	ENSMUSG00000070034	Sp110	5031415C07Rik|52kDa|5830484A20Rik|Ifi75|Ipr1	Sp110 nuclear body protein	protein-coding
1-44	chr1	109039515	109039514	+	0.9	NA	Intergenic	L1Md_T|LINE|L1	-943386	NM_001316743	241201		NM_172853	ENSMUSG00000026312	Cdh7	9330156F07Rik|CDH7L1	cadherin 7, type 2	protein-coding
1-207	chr4	130187148	130187147	+	0.9	NA	Intergenic	L1ME4b|LINE|L1	-12025	NM_023476	94242		NM_023476	ENSMUSG00000028776	Tinagl1	1110021J17Rik|AZ-1|AZ1|Arg1|Lcn7|TARP|Tinagl	tubulointerstitial nephritis antigen-like 1	protein-coding
1-308	chr5	145662308	145662307	-	0.9	NA	Intergenic	L1Md_F|LINE|L1	57829	NM_017396	53973		NM_017396	ENSMUSG00000075551	Cyp3a41a	Cyp3a41	cytochrome P450, family 3, subfamily a, polypeptide 41A	protein-coding
1-248	chr4	147292363	147292362	+	0.894736842105263	NA	intron (NM_001378742, intron 1 of 4)	MYSERV6-int|LTR|ERVK	-13242	NM_001384232	115489950		NM_001384232	ENSMUSG00000078498	Zfp988	Gm13151	zinc finger protein 988	protein-coding
1-164	chr2	105945990	105945989	-	0.894736842105263	NA	intron (NM_028260, intron 5 of 6)	L1Md_A|LINE|L1	41351	NM_028260	66541		NM_028260	ENSMUSG00000042670	Immp1l	1500034J20Rik|2610528O17Rik	IMP1 inner mitochondrial membrane peptidase-like (S. cerevisiae)	protein-coding
1-31	chr1	88220772	88220771	+	0.891891891891892	NA	TTS (NM_201645)	TTS (NM_201645)	-6249	NM_001281466	100040766		NM_001177364	ENSMUSG00000079429	Mroh2a	Heatr7b1	maestro heat-like repeat family member 2A	protein-coding
1-250	chr4	147306399	147306398	+	0.888888888888889	NA	intron (NM_001384232, intron 1 of 3)	intron (NM_001384232, intron 1 of 3)	794	NM_001384232	115489950		NM_001384232	ENSMUSG00000078498	Zfp988	Gm13151	zinc finger protein 988	protein-coding
1-105	chr13	119613627	119613626	+	0.888888888888889	NA	Intergenic	Intergenic	-10193	NM_020279	56838		NM_020279	ENSMUSG00000074715	Ccl28	CCK1|MEC|Scya28	C-C motif chemokine ligand 28	protein-coding
1-148	chr17	49447666	49447665	-	0.888888888888889	NA	intron (NM_020042, intron 4 of 10)	ETnERV3-int|LTR|ERVK	19301	NM_028464	56738		NM_020042	ENSMUSG00000064120	Mocs1	3110045D15Rik	molybdenum cofactor synthesis 1	protein-coding
1-55	chr10	58212302	58212301	+	0.88235294117647	NA	Intergenic	Intergenic	20374	NM_001081954	664783		NM_001081954		Dux	AW822073|Dux4|Duxbl|EG664783	double homeobox	protein-coding
1-299	chr5	94455724	94455723	+	0.88235294117647	NA	Intergenic	L1Md_F2|LINE|L1	-70561	NM_001243937	100041102		NM_001243937	ENSMUSG00000095074	Pramel42	Gm3139	PRAME like 42	protein-coding
1-14	chr1	85215103	85215102	+	0.878787878787879	NA	intron (NM_001378664, intron 1 of 1)	RMER19B|LTR|ERVK	15491	NM_001081746	665378		NM_001081746	ENSMUSG00000079457	Gm7609	EG665378	predicted pseudogene 7609	protein-coding
1-94	chr13	12891559	12891558	-	0.875	NA	Intergenic	Intergenic	-91479	NM_011118	18812		NM_011118	ENSMUSG00000056457	Prl2c3	Ghd1|MRP-2|MRP-3|Mrpplf3|PLF-2|PLF-3|Plf2|Prl2c4|mrp/plf3	prolactin family 2, subfamily c, member 3	protein-coding
1-135	chr17	13239161	13239160	-	0.869565217391304	NA	Intergenic	PB1D10|SINE|Alu	8897	NM_001167913	236574		NM_001167913	ENSMUSG00000073457	Smok2b	Gm1847|Smok+129	sperm motility kinase 2B	protein-coding
1-163	chr2	98516498	98516497	+	0.866666666666667	NA	Intergenic	Intergenic	1048840	NM_001289744	241568		NM_178725	ENSMUSG00000050587	Lrrc4c	6430556C10Rik|NGL-1	leucine rich repeat containing 4C	protein-coding
1-247	chr4	147284834	147284833	-	0.866666666666667	NA	intron (NM_001378742, intron 1 of 4)	intron (NM_001378742, intron 1 of 4)	-20771	NM_001384232	115489950		NM_001384232	ENSMUSG00000078498	Zfp988	Gm13151	zinc finger protein 988	protein-coding
1-275	chr5	15022038	15022037	+	0.866666666666667	NA	Intergenic	Intergenic	10970	NM_182957	66773		NM_182957	ENSMUSG00000091897	Gm17019	-	predicted gene 17019	protein-coding
1-177	chr3	93757308	93757307	-	0.866666666666667	NA	Intergenic	MMETn-int|LTR|ERVK	-39091	NM_207272	399675		NM_207272	ENSMUSG00000060256	Tdpoz4	-	TD and POZ domain containing 4	protein-coding
1-137	chr17	13328829	13328828	-	0.866666666666667	NA	Intergenic	Intergenic	-25744	NM_001167578	100041352		NM_001167578	ENSMUSG00000052469	Tcp10c	D17Leh66C|D17Leh66ca|Gm9880|T66C-a|Tcp-10c	t-complex protein 10c	protein-coding
1-182	chr3	106172727	106172726	-	0.866666666666667	NA	Intergenic	L1Md_F2|LINE|L1	-5162	NM_009892	12655		NM_009892	ENSMUSG00000040809	Chil3	Chi3l3|ECF-L|Ym1	chitinase-like 3	protein-coding
1-180	chr3	106157671	106157670	-	0.863636363636364	NA	intron (NM_009892, intron 5 of 10)	MLTR18C_MM|LTR|ERVK	9894	NM_009892	12655		NM_009892	ENSMUSG00000040809	Chil3	Chi3l3|ECF-L|Ym1	chitinase-like 3	protein-coding
1-89	chr13	12811066	12811065	-	0.857142857142857	NA	Intergenic	L1_Mus3|LINE|L1	-10986	NM_011118	18812		NM_011118	ENSMUSG00000056457	Prl2c3	Ghd1|MRP-2|MRP-3|Mrpplf3|PLF-2|PLF-3|Plf2|Prl2c4|mrp/plf3	prolactin family 2, subfamily c, member 3	protein-coding
1-347	chr7	59861101	59861100	+	0.857142857142857	NA	intron (NR_146211, intron 43 of 171)	intron (NR_146211, intron 43 of 171)	-109520	NR_033779	64245		NR_033779	ENSMUSG00000119352	Snord116l2	Pwcr1l2	small nucleolar RNA, C/D box 116-like 2	snoRNA
1-205	chr4	122024983	122024982	+	0.857142857142857	NA	Intergenic	RLTR45-int|LTR|ERVK	-104149	NM_001378656	666931		NM_001378656		Gm10573	-	predicted gene 10573	protein-coding
1-368	chr8	20302971	20302970	-	0.857142857142857	NA	Intergenic	RLTR10E|LTR|ERVK	-5538	NR_030708	547150		NR_030708	ENSMUSG00000121492	6820431F20Rik	-	cadherin 11 pseudogene	pseudo
1-332	chr7	12041571	12041570	-	0.846153846153846	NA	exon (NM_001166731, exon 1 of 1)	exon (NM_001166731, exon 1 of 1)	271	NM_001166731	628946		NM_001166731	ENSMUSG00000095864	Vmn1r77	Gm6935	vomeronasal 1 receptor 77	protein-coding
1-309	chr5	145670610	145670609	+	0.846153846153846	NA	Intergenic	L1Md_F2|LINE|L1	49527	NM_017396	53973		NM_017396	ENSMUSG00000075551	Cyp3a41a	Cyp3a41	cytochrome P450, family 3, subfamily a, polypeptide 41A	protein-coding
1-46	chr1	134369158	134369157	-	0.833333333333333	NA	Intergenic	Intergenic	-7151	NR_151737	57439		NM_020588	ENSMUSG00000042305	Tmem183a	1300007B12Rik|1700020N19Rik|Tmem183	transmembrane protein 183A	protein-coding
1-65	chr11	3190973	3190972	+	0.833333333333333	NA	intron (NM_001363224, intron 3 of 28)	B1_Mus1|SINE|Alu	2631	NM_030207	78887		NM_030207	ENSMUSG00000023764	Sfi1	-	Sfi1 homolog, spindle assembly associated (yeast)	protein-coding
1-208	chr4	145407470	145407469	+	0.833333333333333	NA	Intergenic	Intergenic	-56741	NR_002888	545700		NR_002888	ENSMUSG00000052912	Smarca5-ps	9230115A19Rik	SWI/SNF related, matrix associated, actin depenent ragulator of chromatin, subfamily a, member 5, pseudogene	pseudo
1-19	chr1	85507975	85507974	-	0.833333333333333	NA	Intergenic	Intergenic	-36841	NM_001378663	101055758		NM_001378663	ENSMUSG00000118607	Gm7592	EG665338	predicted gene 7592	protein-coding
1-133	chr17	13231857	13231856	+	0.833333333333333	NA	intron (NM_001167913, intron 1 of 2)	Lx5|LINE|L1	1593	NM_001167913	236574		NM_001167913	ENSMUSG00000073457	Smok2b	Gm1847|Smok+129	sperm motility kinase 2B	protein-coding
1-23	chr1	85583710	85583709	+	0.833333333333333	NA	intron (NM_175397, intron 9 of 12)	intron (NM_175397, intron 9 of 12)	15101	NM_030194	109032		NM_030194	ENSMUSG00000070034	Sp110	5031415C07Rik|52kDa|5830484A20Rik|Ifi75|Ipr1	Sp110 nuclear body protein	protein-coding
1-278	chr5	15045270	15045269	-	0.833333333333333	NA	Intergenic	Intergenic	-12262	NM_182957	66773		NM_182957	ENSMUSG00000091897	Gm17019	-	predicted gene 17019	protein-coding
1-68	chr11	6383589	6383588	-	0.833333333333333	NA	Intergenic	MERVL-int|LTR|ERVL	-11537	NM_028601	52915		NM_028601	ENSMUSG00000041164	Zmiz2	Zimp7	zinc finger, MIZ-type containing 2	protein-coding
1-57	chr10	80666843	80666842	+	0.833333333333333	NA	3' UTR (NM_021462, exon 14 of 14)	3' UTR (NM_021462, exon 14 of 14)	9451	NM_021462	17347		NM_021462	ENSMUSG00000020190	Mknk2	2010016G11Rik|Gprk7|Mnk2	MAP kinase-interacting serine/threonine kinase 2	protein-coding
1-77	chr12	20233581	20233580	+	0.829268292682927	NA	Intergenic	MMERGLN-int|LTR|ERV1	582199	NR_015521	69513		NR_015521	ENSMUSG00000099759	1700030C10Rik	-	RIKEN cDNA 1700030C10 gene	ncRNA
1-193	chr4	3054267	3054266	-	0.823529411764706	NA	Intergenic	Intergenic	-117817	NM_001167534	100312470		NM_001167534	ENSMUSG00000115072	Vmn1r2	Gm11776	vomeronasal 1 receptor 2	protein-coding
1-11	chr1	85121136	85121135	-	0.821428571428571	NA	Intergenic	RSINE1|SINE|B4	-11282	NM_213615	381287		NM_213615	ENSMUSG00000089844	Sp140l1	A530032D15Rik|Gm1888	Sp140 nuclear body protein like 1	protein-coding
1-117	chr15	82527521	82527520	-	0.818181818181818	NA	Intergenic	RLTR10-int|LTR|ERVK	-27569	NM_001355665	380997		NM_201360	ENSMUSG00000096852	Cyp2d12	9030605E09Rik	cytochrome P450, family 2, subfamily d, polypeptide 12	protein-coding
1-259	chr4	147777052	147777051	-	0.818181818181818	NA	intron (NM_001127189, intron 3 of 5)	intron (NM_001127189, intron 3 of 5)	32737	NM_001127189	100041677		NM_001127189	ENSMUSG00000078495	Zfp984	Gm13157	zinc finger protein 984	protein-coding
1-141	chr17	13444673	13444672	-	0.818181818181818	NA	Intergenic	ORR1B1|LTR|ERVL-MaLR	-76784	NR_030763	272667		NR_030763	ENSMUSG00000121414	Smok4a	4930513D10Rik|Smok2c	sperm motility kinase 4A	pseudo
1-81	chr12	115728465	115728464	+	0.818181818181818	NA	Intergenic	L1Md_T|LINE|L1	-32670	NR_105810	102465205		NR_105810	ENSMUSG00000098336	Mir6388	Gm27925|mmu-mir-6388	microRNA 6388	ncRNA
1-353	chr7	129334073	129334072	-	0.818181818181818	NA	intron (NM_001080963, intron 5 of 6)	L1ME2|LINE|L1	69061	NR_166580	102635775		NR_166580		Gm33027	Gm44591	predicted gene, 33027	ncRNA
1-276	chr5	15022497	15022496	-	0.818181818181818	NA	Intergenic	Intergenic	10511	NM_182957	66773		NM_182957	ENSMUSG00000091897	Gm17019	-	predicted gene 17019	protein-coding
1-103	chr13	100668407	100668406	+	0.818181818181818	NA	Intergenic	ORR1D1|LTR|ERVL-MaLR	-1075	NM_001168386	76041		NM_183115	ENSMUSG00000048924	Ccdc125	5830436D01Rik	coiled-coil domain containing 125	protein-coding
1-261	chr4	147816492	147816491	+	0.818181818181818	NA	Intergenic	MYSERV6-int|LTR|ERVK	5711	NR_033639	277692		NR_033639	ENSMUSG00000080059	Rps19-ps3	Gm13143|Rps19-ps	ribosomal protein S19, pseudogene 3	pseudo
1-312	chr5	145678728	145678727	+	0.818181818181818	NA	Intergenic	Lx8b|LINE|L1	41409	NM_017396	53973		NM_017396	ENSMUSG00000075551	Cyp3a41a	Cyp3a41	cytochrome P450, family 3, subfamily a, polypeptide 41A	protein-coding
1-100	chr13	37561305	37561304	-	0.818181818181818	NA	Intergenic	Intergenic	-19761	NR_168924	115488147		NR_168924	ENSMUSG00000114784	Gm47754	-	predicted gene, 47754	ncRNA
1-217	chr4	145837225	145837224	+	0.814814814814815	NA	promoter-TSS (NR_033612)	promoter-TSS (NR_033612)	5	NR_033612	236069		NR_033612	ENSMUSG00000096233	Gm13238	-	carnitine deficiency-associated gene expressed in ventricle 3 pseudogene	pseudo
1-64	chr11	3175192	3175191	+	0.8125	NA	intron (NM_001363224, intron 8 of 28)	LTRIS_Mus|LTR|ERV1	18412	NM_030207	78887		NM_030207	ENSMUSG00000023764	Sfi1	-	Sfi1 homolog, spindle assembly associated (yeast)	protein-coding
1-12	chr1	85181959	85181958	-	0.8125	NA	intron (NM_001378664, intron 1 of 1)	intron (NM_001378664, intron 1 of 1)	-17653	NM_001081746	665378		NM_001081746	ENSMUSG00000079457	Gm7609	EG665378	predicted pseudogene 7609	protein-coding
1-179	chr3	106152426	106152425	-	0.8125	NA	intron (NM_009892, intron 6 of 10)	L1_Mus3|LINE|L1	15139	NM_009892	12655		NM_009892	ENSMUSG00000040809	Chil3	Chi3l3|ECF-L|Ym1	chitinase-like 3	protein-coding
1-313	chr5	145682297	145682296	-	0.8125	NA	Intergenic	L1Md_F2|LINE|L1	37840	NM_017396	53973		NM_017396	ENSMUSG00000075551	Cyp3a41a	Cyp3a41	cytochrome P450, family 3, subfamily a, polypeptide 41A	protein-coding
1-374	chr8	123600751	123600750	+	0.80952380952381	NA	Intergenic	Intergenic	-34663	NR_046127	100861480		NR_046127	ENSMUSG00000119748	Gm25018	Rn5s10	predicted gene, 25018	rRNA
1-5	chr1	85030474	85030473	-	0.80952380952381	NA	Intergenic	Intergenic	-75620	NR_163968	621875		NM_001037910	ENSMUSG00000072109	A530040E14Rik	-	RIKEN cDNA A530040E14 gene	ncRNA
1-196	chr4	3252817	3252816	+	0.80952380952381	NA	non-coding (NR_166062, exon 6 of 6)	non-coding (NR_166062, exon 6 of 6)	21634	NR_166062	108168923		NR_166062		Gm46840	-	predicted gene, 46840	ncRNA
1-93	chr13	12867440	12867439	-	0.80952380952381	NA	Intergenic	Intergenic	-67360	NM_011118	18812		NM_011118	ENSMUSG00000056457	Prl2c3	Ghd1|MRP-2|MRP-3|Mrpplf3|PLF-2|PLF-3|Plf2|Prl2c4|mrp/plf3	prolactin family 2, subfamily c, member 3	protein-coding
1-42	chr1	88305125	88305124	-	0.807692307692308	NA	Intergenic	Intergenic	-1611	NM_134252	171382		NM_134252	ENSMUSG00000036251	Trpm8	CMR1|LTRPC6|LTrpC-6|TRPP8|Trp-p8	transient receptor potential cation channel, subfamily M, member 8	protein-coding
1-233	chr4	146523821	146523820	-	0.807692307692308	NA	intron (NR_045468, intron 2 of 2)	RMER17B2|LTR|ERVK	8900	NM_001243139	100041433		NM_001243138	ENSMUSG00000056300	Zfp981	Gm13247	zinc finger protein 981	protein-coding
1-78	chr12	20233861	20233860	+	0.806451612903226	NA	Intergenic	MMERGLN-int|LTR|ERV1	581919	NR_015521	69513		NR_015521	ENSMUSG00000099759	1700030C10Rik	-	RIKEN cDNA 1700030C10 gene	ncRNA
1-269	chr5	14989861	14989860	-	0.8	NA	Intergenic	MTEa|LTR|ERVL-MaLR	-10961	NM_001281514	100503549		NM_001281514	ENSMUSG00000072188	Speer4e2	Gm10354	spermatogenesis associated glutamate (E)-rich protein 4E2	protein-coding
1-24	chr1	85593351	85593350	+	0.8	NA	intron (NM_175397, intron 4 of 12)	intron (NM_175397, intron 4 of 12)	5460	NM_030194	109032		NM_030194	ENSMUSG00000070034	Sp110	5031415C07Rik|52kDa|5830484A20Rik|Ifi75|Ipr1	Sp110 nuclear body protein	protein-coding
1-128	chr17	13186501	13186500	-	0.8	NA	Intergenic	RMER1A|Other|Other	-18542	NR_033458	100038394		NR_033458	ENSMUSG00000117051	Gm10512	-	predicted gene 10512	ncRNA
1-27	chr1	85603313	85603312	+	0.8	NA	intron (NM_001013817, intron 1 of 16)	MERVL-int|LTR|ERVL	579	NM_175397	109032		NM_030194	ENSMUSG00000070034	Sp110	5031415C07Rik|52kDa|5830484A20Rik|Ifi75|Ipr1	Sp110 nuclear body protein	protein-coding
1-191	chr3	106308434	106308433	-	0.8	NA	Intergenic	B1_Mus1|SINE|Alu	-88954	NM_145126	104183		NM_145126	ENSMUSG00000063779	Chil4	Chi3l4|Ym2	chitinase-like 4	protein-coding
1-300	chr5	94547436	94547435	-	0.8	NA	Intergenic	Intergenic	21151	NM_001243938	100041102		NM_001243937	ENSMUSG00000095074	Pramel42	Gm3139	PRAME like 42	protein-coding
1-76	chr12	20233568	20233567	+	0.795454545454545	NA	Intergenic	MMERGLN-int|LTR|ERV1	582212	NR_015521	69513		NR_015521	ENSMUSG00000099759	1700030C10Rik	-	RIKEN cDNA 1700030C10 gene	ncRNA
1-194	chr4	3174490	3174489	+	0.794117647058823	NA	Intergenic	Intergenic	2406	NM_001167534	100312470		NM_001167534	ENSMUSG00000115072	Vmn1r2	Gm11776	vomeronasal 1 receptor 2	protein-coding
1-79	chr12	20234070	20234069	+	0.793103448275862	NA	Intergenic	MMERGLN-int|LTR|ERV1	581710	NR_015521	69513		NR_015521	ENSMUSG00000099759	1700030C10Rik	-	RIKEN cDNA 1700030C10 gene	ncRNA
1-389	chrX	169979339	169979338	+	0.791666666666667	NA	promoter-TSS (NR_029457)	promoter-TSS (NR_029457)	-421	NR_029457	654820		NM_001039559	ENSMUSG00000072844	G530011O06Rik	-	RIKEN cDNA G530011O06 gene	ncRNA
1-245	chr4	147276046	147276045	+	0.789473684210526	NA	intron (NM_001378742, intron 1 of 4)	CpG	-29559	NM_001384232	115489950		NM_001384232	ENSMUSG00000078498	Zfp988	Gm13151	zinc finger protein 988	protein-coding
1-251	chr4	147309825	147309824	-	0.785714285714286	NA	intron (NM_001384232, intron 1 of 3)	B1_Mus2|SINE|Alu	4220	NM_001384232	115489950		NM_001384232	ENSMUSG00000078498	Zfp988	Gm13151	zinc finger protein 988	protein-coding
1-90	chr13	12834596	12834595	-	0.782608695652174	NA	Intergenic	L1_Mus1|LINE|L1	-34516	NM_011118	18812		NM_011118	ENSMUSG00000056457	Prl2c3	Ghd1|MRP-2|MRP-3|Mrpplf3|PLF-2|PLF-3|Plf2|Prl2c4|mrp/plf3	prolactin family 2, subfamily c, member 3	protein-coding
1-66	chr11	5168554	5168553	-	0.777777777777778	NA	Intergenic	Intergenic	-16323	NM_001371000	140703		NM_080595	ENSMUSG00000034164	Emid1	CO-5|Emu1	EMI domain containing 1	protein-coding
1-230	chr4	146478679	146478678	+	0.777777777777778	NA	Intergenic	Intergenic	-23322	NM_001243138	100041433		NM_001243138	ENSMUSG00000056300	Zfp981	Gm13247	zinc finger protein 981	protein-coding
1-266	chr5	14973623	14973622	-	0.777777777777778	NA	TTS (NM_001281514)	TTS (NM_001281514)	5277	NM_001281514	100503549		NM_001281514	ENSMUSG00000072188	Speer4e2	Gm10354	spermatogenesis associated glutamate (E)-rich protein 4E2	protein-coding
1-249	chr4	147294152	147294151	-	0.769230769230769	NA	intron (NM_001378742, intron 1 of 4)	intron (NM_001378742, intron 1 of 4)	-11453	NM_001384232	115489950		NM_001384232	ENSMUSG00000078498	Zfp988	Gm13151	zinc finger protein 988	protein-coding
1-175	chr3	44028063	44028062	+	0.769230769230769	NA	Intergenic	L1Md_A|LINE|L1	1350198	NR_045172	72511		NR_045172	ENSMUSG00000097040	2610316D01Rik	-	RIKEN cDNA 2610316D01 gene	ncRNA
1-18	chr1	85461811	85461810	+	0.764705882352941	NA	Intergenic	MTC|LTR|ERVL-MaLR	-83005	NM_001378663	101055758		NM_001378663	ENSMUSG00000118607	Gm7592	EG665338	predicted gene 7592	protein-coding
1-264	chr5	14952095	14952094	+	0.764705882352941	NA	intron (NR_001584, intron 1 of 3)	intron (NR_001584, intron 1 of 3)	6800	NR_001584	74062		NR_001584		Speer8-ps1	4933405L09Rik|SPEER-8|Speer8-ps	spermatogenesis associated glutamate (E)-rich protein 8, pseudogene 1	pseudo
1-74	chr12	20231651	20231650	+	0.764705882352941	NA	Intergenic	MMERGLN-int|LTR|ERV1	584129	NR_015521	69513		NR_015521	ENSMUSG00000099759	1700030C10Rik	-	RIKEN cDNA 1700030C10 gene	ncRNA
1-340	chr7	22844451	22844450	+	0.761904761904762	NA	promoter-TSS (NM_001166758)	promoter-TSS (NM_001166758)	-845	NM_001166758	670857		NM_001166758	ENSMUSG00000095931	Vmn1r159	Gm16507	vomeronasal 1 receptor 159	protein-coding
1-399	chrY	90799437	90799436	+	0.756756756756757	NA	intron (NR_137282, intron 2 of 2)	intron (NR_137282, intron 2 of 2)	13994	NR_137282	170942		NM_133362		Erdr1x	Erdr1|Gm21887|Gm55594|edr	erythroid differentiation regulator 1 x	protein-coding
1-165	chr2	151125674	151125673	+	0.75	NA	Intergenic	Intergenic	-1791	NR_168335	102632393		NR_168335		Gm30478	-	predicted gene, 30478	ncRNA
1-379	chrX	31132243	31132242	-	0.75	NA	Intergenic	L1_Mus3|LINE|L1	-204127	NM_001085552	668960		NM_001085552	ENSMUSG00000095716	Btbd35f10	Gm14351	BTB domain containing 35, family member 10	protein-coding
1-108	chr14	43294212	43294211	+	0.75	NA	promoter-TSS (NM_001378715)	promoter-TSS (NM_001378715)	-348	NM_001378715	666485		NM_001378715	ENSMUSG00000090713	Gm8127	EG666485	predicted gene 8127	protein-coding
1-6	chr1	85071955	85071954	+	0.75	NA	Intergenic	Intergenic	-34139	NR_163968	621875		NM_001037910	ENSMUSG00000072109	A530040E14Rik	-	RIKEN cDNA A530040E14 gene	ncRNA
1-172	chr3	15413301	15413300	+	0.75	NA	intron (NM_001002898, intron 2 of 5)	intron (NM_001002898, intron 2 of 5)	13127	NM_001002898	320832		NM_178792	ENSMUSG00000095788	Sirpb1a	9930027N05Rik|SIRP-beta|Sirpb|Sirpb1	signal-regulatory protein beta 1A	protein-coding
1-381	chrX	31195863	31195862	-	0.75	NA	Intergenic	L2b|LINE|L2	-140507	NM_001085552	668960		NM_001085552	ENSMUSG00000095716	Btbd35f10	Gm14351	BTB domain containing 35, family member 10	protein-coding
1-29	chr1	85650916	85650915	-	0.736842105263158	NA	intron (NM_001372231, intron 1 of 21)	intron (NM_001372231, intron 1 of 21)	901	NM_001372232	20684		NM_013673	ENSMUSG00000026222	Sp100	A430075G10Rik	nuclear antigen Sp100	protein-coding
1-186	chr3	106202020	106202019	-	0.736842105263158	NA	intron (NM_145126, intron 10 of 10)	intron (NM_145126, intron 10 of 10)	17460	NM_145126	104183		NM_145126	ENSMUSG00000063779	Chil4	Chi3l4|Ym2	chitinase-like 4	protein-coding
1-234	chr4	146975128	146975127	-	0.733333333333333	NA	Intergenic	RMER6A|LTR|ERVK	-46723	NM_001177767	100043034		NM_001177767	ENSMUSG00000067919	Rex2	Gm13138	reduced expression 2	protein-coding
1-156	chr19	36574154	36574153	-	0.733333333333333	NA	intron (NM_001163471, intron 2 of 20)	intron (NM_001163471, intron 2 of 20)	19514	NM_001163471	226098		NM_172637	ENSMUSG00000041180	Hectd2	4921524L07|A630025O09Rik	HECT domain E3 ubiquitin protein ligase 2	protein-coding
1-277	chr5	15037447	15037446	-	0.733333333333333	NA	Intergenic	ORR1A1-int|LTR|ERVL-MaLR	-4439	NM_182957	66773		NM_182957	ENSMUSG00000091897	Gm17019	-	predicted gene 17019	protein-coding
1-120	chr16	3243223	3243222	+	0.730769230769231	NA	Intergenic	FordPrefect|DNA|hAT-Tip100	-349176	NM_146860	258859		NM_146860	ENSMUSG00000051003	Or1f19	MOR131-1|OR912-47M6|Olfr161	olfactory receptor family 1 subfamily F member 19	protein-coding
1-283	chr5	15603679	15603678	-	0.727272727272727	NA	Intergenic	Intergenic	-15421	NM_025759	360220		NM_025759	ENSMUSG00000070933	Speer4d	4933431D05Rik|SPEER-4D	spermatogenesis associated glutamate (E)-rich protein 4D	protein-coding
1-305	chr5	139736958	139736957	-	0.727272727272727	NA	promoter-TSS (NM_174850)	promoter-TSS (NM_174850)	-624	NM_174850	231830		NM_174850	ENSMUSG00000036718	Micall2	A930021H16Rik|JRAB|MICAL-L2|mFLJ00139	MICAL-like 2	protein-coding
1-325	chr6	3191904	3191903	+	0.727272727272727	NA	Intergenic	MTC|LTR|ERVL-MaLR	-96616	NR_036696	667335		NR_036696	ENSMUSG00000106779	Gm8579	EG667335	spermatogenesis associated glutamate (E)-rich protein 4a pseudogene	pseudo
1-109	chr14	43353857	43353856	+	0.727272727272727	NA	Intergenic	Intergenic	-6045	NM_027940	71826		NM_027940	ENSMUSG00000095384	1700001F09Rik	Gm10377	RIKEN cDNA 1700001F09 gene	protein-coding
1-142	chr17	13448165	13448164	+	0.722222222222222	NA	Intergenic	RMER5|LTR|ERV1	-73292	NR_030763	272667		NR_030763	ENSMUSG00000121414	Smok4a	4930513D10Rik|Smok2c	sperm motility kinase 4A	pseudo
1-306	chr5	145649624	145649623	+	0.722222222222222	NA	Intergenic	Intergenic	-64893	NM_001105159	100041375		NM_001105159	ENSMUSG00000075552	Cyp3a41b	-	cytochrome P450, family 3, subfamily a, polypeptide 41B	protein-coding
1-345	chr7	59748306	59748305	+	0.72	NA	intron (NR_146211, intron 65 of 171)	intron (NR_146211, intron 65 of 171)	3275	NR_033778	64244		NR_033778	ENSMUSG00000119415	Snord116l1	Pwcr1l1	small nucleolar RNA, C/D box 116-like 1	snoRNA
1-136	chr17	13324708	13324707	-	0.714285714285714	NA	Intergenic	Intergenic	-29865	NM_001167578	100041352		NM_001167578	ENSMUSG00000052469	Tcp10c	D17Leh66C|D17Leh66ca|Gm9880|T66C-a|Tcp-10c	t-complex protein 10c	protein-coding
1-370	chr8	20583374	20583373	-	0.714285714285714	NA	Intergenic	LTRIS2|LTR|ERV1	-31554	NM_001270553	100861668		NM_001270553	ENSMUSG00000095294	Potefam3b	Gm21119|Pote3b	POTE ankyrin domain family member 3B	protein-coding
1-118	chr15	103895187	103895186	-	0.714285714285714	NA	TTS (NM_009267)	TTS (NM_009267)	4114	NM_009268	20771		NM_009268	ENSMUSG00000060311	Mucl1	Spt-2|Spt2	mucin-like 1	protein-coding
1-349	chr7	99654491	99654490	-	0.714285714285714	NA	Intergenic	Intergenic	-27387	NM_001195529	100503386		NM_001195529	ENSMUSG00000096606	Tpbgl	EG245190|Gm4980	trophoblast glycoprotein-like	protein-coding
1-376	chr9	11070237	11070236	+	0.714285714285714	NA	Intergenic	ERVB4_1B-LTR_MM|LTR|ERVK	-165461	NM_001170787	244682		NM_001033359	ENSMUSG00000039488	Cntn5	6720426O10Rik|A830025P08Rik|Gm507|NB-2	contactin 5	protein-coding
1-198	chr4	6455698	6455697	-	0.7	NA	Intergenic	Intergenic	-1426	NM_010945	18201		NM_010945	ENSMUSG00000028245	Nsmaf	C630007J05|Fan	neutral sphingomyelinase (N-SMase) activation associated factor	protein-coding
1-301	chr5	95249047	95249046	-	0.7	NA	intron (NM_001378727, intron 1 of 5)	L1Md_A|LINE|L1	6645	NM_001378727	624049		NM_001378727		Gm6468	EG624049	predicted gene 6468	protein-coding
1-295	chr5	93662485	93662484	-	0.7	NA	intron (NM_001164284, intron 3 of 5)	intron (NM_001164284, intron 3 of 5)	9025	NM_001164284	381654		NM_001164284	ENSMUSG00000070686	Pramel34	-	PRAME like 34	protein-coding
1-204	chr4	95511578	95511577	+	0.7	NA	Intergenic	L1Md_A|LINE|L1	-45930	NM_001113412	75578		NM_029347	ENSMUSG00000028573	Fggy	2310009E04Rik	FGGY carbohydrate kinase domain containing	protein-coding
1-183	chr3	106177566	106177565	-	0.7	NA	Intergenic	L1Md_F2|LINE|L1	-10001	NM_009892	12655		NM_009892	ENSMUSG00000040809	Chil3	Chi3l3|ECF-L|Ym1	chitinase-like 3	protein-coding
1-402	chrY	90807787	90807786	-	0.7	NA	intron (NR_137282, intron 2 of 2)	intron (NR_137282, intron 2 of 2)	22344	NR_137282	170942		NM_133362		Erdr1x	Erdr1|Gm21887|Gm55594|edr	erythroid differentiation regulator 1 x	protein-coding
1-294	chr5	93662484	93662483	+	0.7	NA	intron (NM_001164284, intron 3 of 5)	intron (NM_001164284, intron 3 of 5)	9026	NM_001164284	381654		NM_001164284	ENSMUSG00000070686	Pramel34	-	PRAME like 34	protein-coding
1-338	chr7	15533964	15533963	+	0.7	NA	Intergenic	Lx2B2|LINE|L1	-13294	NM_027802	71468		NM_027802	ENSMUSG00000054310	Obox1	7420700M11Rik	oocyte specific homeobox 1	protein-coding
1-151	chr18	3012586	3012585	-	0.692307692307692	NA	Intergenic	Intergenic	110827	NM_001167539	100312476		NM_001167539	ENSMUSG00000091539	Vmn1r238	-	vomeronasal 1 receptor, 238	protein-coding
1-125	chr16	42316337	42316336	-	0.692307692307692	NA	intron (NM_008083, intron 1 of 2)	intron (NM_008083, intron 1 of 2)	-12867	NR_105858	102466172		NR_105858	ENSMUSG00000098300	Mir6540	Gm27780|mir-6540|mmu-mir-6540	microRNA 6540	ncRNA
1-241	chr4	147275385	147275384	-	0.692307692307692	NA	intron (NM_001378742, intron 1 of 4)	CpG	-30220	NM_001384232	115489950		NM_001384232	ENSMUSG00000078498	Zfp988	Gm13151	zinc finger protein 988	protein-coding
1-341	chr7	22872995	22872994	-	0.6875	NA	TTS (NM_001166724)	TTS (NM_001166724)	1770	NM_001166724	620758		NM_001166724	ENSMUSG00000094931	Vmn1r160	Gm6178	vomeronasal 1 receptor 160	protein-coding
1-335	chr7	15397146	15397145	+	0.6875	NA	intron (NM_145708, intron 2 of 3)	intron (NM_145708, intron 2 of 3)	8294	NM_145708	246792		NM_145708	ENSMUSG00000074369	Obox2	-	oocyte specific homeobox 2	protein-coding
1-239	chr4	147258757	147258756	-	0.6875	NA	intron (NM_001378742, intron 1 of 4)	MMSAT4|Satellite|Satellite	-46848	NM_001384232	115489950		NM_001384232	ENSMUSG00000078498	Zfp988	Gm13151	zinc finger protein 988	protein-coding
1-220	chr4	146065222	146065221	+	0.6875	NA	Intergenic	Intergenic	-2303	NR_030771	627585		NM_001039233		Gm13034	-	SWI/SNF related, matrix associated, actin dependent regulator of chromatin, subfamily a, member 5 pseudogene	pseudo
1-35	chr1	88276897	88276896	-	0.6875	NA	intron (NM_172505, intron 2 of 4)	intron (NM_172505, intron 2 of 4)	661	NM_172505	212427		NM_172505		A730008H23Rik	Fleg1	RIKEN cDNA A730008H23 gene	protein-coding
1-286	chr5	15689589	15689588	+	0.676470588235294	NA	intron (NR_001585, intron 1 of 4)	Lx7|LINE|L1	8878	NR_001585	75858		NR_001585	ENSMUSG00000089871	Speer4cos	4930568L21Rik|SPEER-7|Speer7-ps|Speer7-ps1	spermatogenesis associated glutamate (E)-rich protein 4C, opposite strand transcript	pseudo
1-267	chr5	14989823	14989822	+	0.666666666666667	NA	Intergenic	MTEa|LTR|ERVL-MaLR	-10923	NM_001281514	100503549		NM_001281514	ENSMUSG00000072188	Speer4e2	Gm10354	spermatogenesis associated glutamate (E)-rich protein 4E2	protein-coding
1-237	chr4	147219613	147219612	+	0.666666666666667	NA	intron (NM_001378742, intron 1 of 4)	MuLV-int|LTR|ERV1	-85992	NM_001384232	115489950		NM_001384232	ENSMUSG00000078498	Zfp988	Gm13151	zinc finger protein 988	protein-coding
1-200	chr4	60265747	60265746	+	0.666666666666667	NA	Intergenic	L1_Mus3|LINE|L1	-43206	NM_001347131	100041687		NM_001134676	ENSMUSG00000078687	Mup8	Gm12809|Mup5	major urinary protein 8	protein-coding
1-384	chrX	31736986	31736985	+	0.666666666666667	NA	Intergenic	L1Md_F2|LINE|L1	-225059	NM_001270685	100862314		NM_001270685	ENSMUSG00000095770	Spin2j	Gm21637	spindlin family, member 2J	protein-coding
1-157	chr19	40119798	40119797	-	0.666666666666667	NA	Intergenic	Lx2|LINE|L1	30118	NM_134144	107141		NM_134144	ENSMUSG00000054827	Cyp2c50	-	cytochrome P450, family 2, subfamily c, polypeptide 50	protein-coding
1-371	chr8	20591114	20591113	+	0.666666666666667	NA	Intergenic	Intergenic	-23814	NM_001270553	100861668		NM_001270553	ENSMUSG00000095294	Potefam3b	Gm21119|Pote3b	POTE ankyrin domain family member 3B	protein-coding
1-307	chr5	145652717	145652716	-	0.666666666666667	NA	Intergenic	RLTR45|LTR|ERVK	67420	NM_017396	53973		NM_017396	ENSMUSG00000075551	Cyp3a41a	Cyp3a41	cytochrome P450, family 3, subfamily a, polypeptide 41A	protein-coding
1-9	chr1	85109393	85109392	+	0.647058823529412	NA	5' UTR (NM_213615, exon 1 of 7)	5' UTR (NM_213615, exon 1 of 7)	461	NM_213615	381287		NM_213615	ENSMUSG00000089844	Sp140l1	A530032D15Rik|Gm1888	Sp140 nuclear body protein like 1	protein-coding
1-34	chr1	88276777	88276776	+	0.647058823529412	NA	intron (NM_172505, intron 2 of 4)	intron (NM_172505, intron 2 of 4)	781	NM_172505	212427		NM_172505		A730008H23Rik	Fleg1	RIKEN cDNA A730008H23 gene	protein-coding
1-383	chrX	31731714	31731713	-	0.647058823529412	NA	Intergenic	Intergenic	-230331	NM_001270685	100862314		NM_001270685	ENSMUSG00000095770	Spin2j	Gm21637	spindlin family, member 2J	protein-coding
1-43	chr1	107629024	107629023	+	0.642857142857143	NA	Intergenic	L1Md_T|LINE|L1	39017	NM_011459	20725		NM_011459	ENSMUSG00000026315	Serpinb8	CAP-2|CAP2|NK10|Spi8|ovalbumin	serine (or cysteine) peptidase inhibitor, clade B, member 8	protein-coding
1-99	chr13	13236844	13236843	-	0.642857142857143	NA	Intergenic	Lx9|LINE|L1	54127	NM_181852	107849		NM_181852	ENSMUSG00000055360	Prl2c5	Ghd3|MRP-4|Mrpplf4|PLF-4	prolactin family 2, subfamily c, member 5	protein-coding
1-72	chr11	99155430	99155429	-	0.642857142857143	NA	promoter-TSS (NM_007719)	promoter-TSS (NM_007719)	-352	NM_001301713	12775		NM_007719	ENSMUSG00000037944	Ccr7	CC-CKR-7|CCR-7|CD197|Cdw197|Cmkbr7|EBI1|Ebi1h	C-C motif chemokine receptor 7	protein-coding
1-111	chr14	123193726	123193725	-	0.642857142857143	NA	Intergenic	Intergenic	24539	NR_045143	380934		NR_045143	ENSMUSG00000115016	AA536875	Gm1591	expressed sequence AA536875	ncRNA
1-73	chr12	20231223	20231222	+	0.642857142857143	NA	Intergenic	MMERGLN-int|LTR|ERV1	584557	NR_015521	69513		NR_015521	ENSMUSG00000099759	1700030C10Rik	-	RIKEN cDNA 1700030C10 gene	ncRNA
1-36	chr1	88279556	88279555	+	0.642857142857143	NA	Intergenic	Intergenic	-1976	NM_198652	381280		NM_198652	ENSMUSG00000044783	Hjurp	6430706D22Rik|A730008H23Rik|C330011F01Rik|Gm975|Mfleg1	Holliday junction recognition protein	protein-coding
1-225	chr4	146242263	146242262	+	0.64	NA	Intergenic	Intergenic	-28123	NM_001083918	666532		NM_001083918	ENSMUSG00000067916	Zfp991	Gm13139	zinc finger protein 991	protein-coding
1-293	chr5	88457269	88457268	+	0.636363636363636	NA	intron (NM_001303431, intron 2 of 10)	intron (NM_001303431, intron 2 of 10)	1277	NM_001303431	11698		NM_009664	ENSMUSG00000029288	Ambn	-	ameloblastin	protein-coding
1-92	chr13	12852075	12852074	+	0.636363636363636	NA	Intergenic	RMER16-int|LTR|ERVK	-51995	NM_011118	18812		NM_011118	ENSMUSG00000056457	Prl2c3	Ghd1|MRP-2|MRP-3|Mrpplf3|PLF-2|PLF-3|Plf2|Prl2c4|mrp/plf3	prolactin family 2, subfamily c, member 3	protein-coding
1-21	chr1	85537834	85537833	+	0.636363636363636	NA	Intergenic	B1_Mm|SINE|Alu	-6982	NM_001378663	101055758		NM_001378663	ENSMUSG00000118607	Gm7592	EG665338	predicted gene 7592	protein-coding
1-213	chr4	145837144	145837143	-	0.631578947368421	NA	promoter-TSS (NR_033612)	promoter-TSS (NR_033612)	-76	NR_033612	236069		NR_033612	ENSMUSG00000096233	Gm13238	-	carnitine deficiency-associated gene expressed in ventricle 3 pseudogene	pseudo
1-56	chr10	62369116	62369115	-	0.631578947368421	NA	intron (NM_010438, intron 1 of 21)	MMETn-int|LTR|ERVK	6780	NR_168626	70162		NR_038038	ENSMUSG00000085347	Hk1os	2210417K05Rik|Gm40675	hexokinase 1, opposite strand	ncRNA
1-98	chr13	12963558	12963557	+	0.625	NA	Intergenic	L1Md_F2|LINE|L1	41836	NM_031191	18811		NM_031191	ENSMUSG00000079092	Prl2c2	Ghd2|MRP-1|PLF-1|Plf|Plf1	prolactin family 2, subfamily c, member 2	protein-coding
1-337	chr7	15434657	15434656	-	0.625	NA	Intergenic	RLTR15|LTR|ERVK	45805	NM_145708	246792		NM_145708	ENSMUSG00000074369	Obox2	-	oocyte specific homeobox 2	protein-coding
1-226	chr4	146428956	146428955	+	0.620689655172414	NA	intron (NM_001083918, intron 3 of 6)	intron (NM_001083918, intron 3 of 6)	-20075	NM_001085522	433791		NM_001085522	ENSMUSG00000070605	Zfp992	Gm13251	zinc finger protein 992	protein-coding
1-106	chr13	119616135	119616134	-	0.617283950617284	NA	Intergenic	Intergenic	-7685	NM_020279	56838		NM_020279	ENSMUSG00000074715	Ccl28	CCK1|MEC|Scya28	C-C motif chemokine ligand 28	protein-coding
1-10	chr1	85118415	85118414	+	0.615384615384615	NA	Intergenic	Intergenic	-8561	NM_213615	381287		NM_213615	ENSMUSG00000089844	Sp140l1	A530032D15Rik|Gm1888	Sp140 nuclear body protein like 1	protein-coding
1-334	chr7	15308506	15308505	-	0.615384615384615	NA	Intergenic	Intergenic	-80346	NM_145708	246792		NM_145708	ENSMUSG00000074369	Obox2	-	oocyte specific homeobox 2	protein-coding
1-138	chr17	13330838	13330837	+	0.615384615384615	NA	Intergenic	Intergenic	-23735	NM_001167578	100041352		NM_001167578	ENSMUSG00000052469	Tcp10c	D17Leh66C|D17Leh66ca|Gm9880|T66C-a|Tcp-10c	t-complex protein 10c	protein-coding
1-363	chr8	20151686	20151685	+	0.6	NA	Intergenic	(CTG)n|Simple_repeat|Simple_repeat	145747	NR_030708	547150		NR_030708	ENSMUSG00000121492	6820431F20Rik	-	cadherin 11 pseudogene	pseudo
1-257	chr4	147527294	147527293	+	0.6	NA	Intergenic	Intergenic	19695	NM_001039209	195531		NM_001039209	ENSMUSG00000078496	Zfp982	Gm13152	zinc finger protein 982	protein-coding
1-260	chr4	147777063	147777062	+	0.6	NA	intron (NM_001127189, intron 3 of 5)	intron (NM_001127189, intron 3 of 5)	32726	NM_001127189	100041677		NM_001127189	ENSMUSG00000078495	Zfp984	Gm13157	zinc finger protein 984	protein-coding
1-187	chr3	106232822	106232821	-	0.6	NA	Intergenic	RLTR13D3A1|LTR|ERVK	-13342	NM_145126	104183		NM_145126	ENSMUSG00000063779	Chil4	Chi3l4|Ym2	chitinase-like 4	protein-coding
1-152	chr18	3046846	3046845	-	0.6	NA	Intergenic	IAPEY4_I-int|LTR|ERVK	76567	NM_001167539	100312476		NM_001167539	ENSMUSG00000091539	Vmn1r238	-	vomeronasal 1 receptor, 238	protein-coding
1-150	chr17	67605163	67605162	-	0.6	NA	intron (NR_155516, intron 2 of 2)	LTR48|LTR|ERV1	24170	NR_155516	102640031		NR_155516	ENSMUSG00000117029	Gm36201	-	predicted gene, 36201	ncRNA
1-350	chr7	106271073	106271072	+	0.6	NA	Intergenic	RLTR45|LTR|ERVK	53456	NR_030720	668128		NR_030720		Gvin-ps5	EG668128|Gm21911|Gm8989	GTPase, very large interferon inducible, pseudogene 5	pseudo
1-288	chr5	15709427	15709426	-	0.6	NA	TTS (NM_001281511)	TTS (NM_001281511)	4845	NM_001281511	100502967		NM_001281511	ENSMUSG00000073208	Speer4c1	4933431D05Rik|SPEER-4C|Speer4c	spermatogenesis associated glutamate (E)-rich protein 4C1	protein-coding
1-123	chr16	31290666	31290665	-	0.6	NA	Intergenic	Intergenic	-15388	NM_025800	66849		NM_025800	ENSMUSG00000047714	Ppp1r2	0610025N14Rik|2310007G06Rik|4930440J04Rik|5430408E15Rik|D16Ertd248e|I-2|IPP-2	protein phosphatase 1, regulatory inhibitor subunit 2	protein-coding
1-58	chr10	97944740	97944739	+	0.6	NA	intron (NR_033537, intron 1 of 4)	Lx8|LINE|L1	22351	NR_033537	100038699		NR_033537	ENSMUSG00000074776	Gm10754	-	predicted gene 10754	ncRNA
1-390	chrX	169987217	169987216	-	0.595238095238095	NA	intron (NM_001290504, intron 8 of 9)	CpG	-8299	NR_029457	654820		NM_001039559	ENSMUSG00000072844	G530011O06Rik	-	RIKEN cDNA G530011O06 gene	ncRNA
1-75	chr12	20233354	20233353	+	0.588235294117647	NA	Intergenic	MMERGLN-int|LTR|ERV1	582426	NR_015521	69513		NR_015521	ENSMUSG00000099759	1700030C10Rik	-	RIKEN cDNA 1700030C10 gene	ncRNA
1-131	chr17	13215054	13215053	-	0.583333333333333	NA	Intergenic	Intergenic	-6135	NM_013741	27263		NM_013741	ENSMUSG00000073458	Smok2a	Smok2	sperm motility kinase 2A	protein-coding
1-169	chr2	175072881	175072880	+	0.583333333333333	NA	Intergenic	RLTR13C2|LTR|ERVK	-5111	NM_001085546	664987		NM_001085546	ENSMUSG00000078905	Gm14393	-	predicted gene 14393	protein-coding
1-401	chrY	90800758	90800757	-	0.582089552238806	NA	intron (NR_137282, intron 2 of 2)	intron (NR_137282, intron 2 of 2)	15315	NR_137282	170942		NM_133362		Erdr1x	Erdr1|Gm21887|Gm55594|edr	erythroid differentiation regulator 1 x	protein-coding
1-387	chrX	33929857	33929856	-	0.578947368421053	NA	Intergenic	Intergenic	26737	NM_001374720	100040781		NM_001374720	ENSMUSG00000096915	Btbd35f6	Gm2964	BTB domain containing 35, family member 6	protein-coding
1-126	chr16	50994589	50994588	+	0.578947368421053	NA	Intergenic	Intergenic	211179	NR_131005	78639		NR_131005	ENSMUSG00000092276	1700116B05Rik	-	RIKEN cDNA 1700116B05 gene	ncRNA
1-373	chr8	81802408	81802407	-	0.578947368421053	NA	intron (NM_001024617, intron 7 of 24)	intron (NM_001024617, intron 7 of 24)	459845	NM_001297591	234515		NM_001024617	ENSMUSG00000037940	Inpp4b	E130107I17Rik	inositol polyphosphate-4-phosphatase, type II	protein-coding
1-271	chr5	15011719	15011718	+	0.571428571428571	NA	Intergenic	L1Md_A|LINE|L1	21289	NM_182957	66773		NM_182957	ENSMUSG00000091897	Gm17019	-	predicted gene 17019	protein-coding
1-168	chr2	175072034	175072033	-	0.571428571428571	NA	Intergenic	RLTR13C2|LTR|ERVK	-4264	NM_001085546	664987		NM_001085546	ENSMUSG00000078905	Gm14393	-	predicted gene 14393	protein-coding
1-13	chr1	85214722	85214721	+	0.571428571428571	NA	TTS (NM_001081746)	TTS (NM_001081746)	15110	NM_001081746	665378		NM_001081746	ENSMUSG00000079457	Gm7609	EG665378	predicted pseudogene 7609	protein-coding
1-202	chr4	61765175	61765174	-	0.565217391304348	NA	Intergenic	L1_Mus4|LINE|L1	17050	NM_001135127	100189605		NM_001135127	ENSMUSG00000078673	Mup19	100039247|Gm12552|Mup11|Mup14|Mup17|Mup6|Mup8	major urinary protein 19	protein-coding
1-61	chr11	3154412	3154411	+	0.565217391304348	NA	intron (NM_001363223, intron 11 of 29)	B1_Mm|SINE|Alu	30409	NR_003517	236604		NM_001004146	ENSMUSG00000121500	Pisd-ps1	-	phosphatidylserine decarboxylase, pseudogene 1	pseudo
1-336	chr7	15419706	15419705	+	0.5625	NA	Intergenic	L1Md_T|LINE|L1	30854	NM_145708	246792		NM_145708	ENSMUSG00000074369	Obox2	-	oocyte specific homeobox 2	protein-coding
1-218	chr4	145837432	145837431	+	0.5625	NA	non-coding (NR_033612, exon 1 of 1)	non-coding (NR_033612, exon 1 of 1)	212	NR_033612	236069		NR_033612	ENSMUSG00000096233	Gm13238	-	carnitine deficiency-associated gene expressed in ventricle 3 pseudogene	pseudo
1-296	chr5	93683280	93683279	-	0.555555555555556	NA	Intergenic	Intergenic	-11770	NM_001164284	381654		NM_001164284	ENSMUSG00000070686	Pramel34	-	PRAME like 34	protein-coding
1-170	chr2	177323567	177323566	+	0.555555555555556	NA	Intergenic	Intergenic	-117070	NM_001374129	100043403		NM_001113806	ENSMUSG00000078870	Gm14410	-	predicted gene 14410	protein-coding
1-272	chr5	15011721	15011720	+	0.55	NA	Intergenic	L1Md_A|LINE|L1	21287	NM_182957	66773		NM_182957	ENSMUSG00000091897	Gm17019	-	predicted gene 17019	protein-coding
1-258	chr4	147604423	147604422	-	0.545454545454545	NA	Intergenic	B1_Mur2|SINE|Alu	38086	NM_145078	112422		NM_145078	ENSMUSG00000066000	Zfp979	2610305D13Rik|Ssm1b	zinc finger protein 979	protein-coding
1-326	chr6	13040012	13040011	+	0.545454545454545	NA	Intergenic	L1MA6|LINE|L1	-29748	NM_027992	71900		NM_027992	ENSMUSG00000029571	Tmem106b	2310036D22Rik|5830455K21Rik|6430519M21Rik	transmembrane protein 106B	protein-coding
1-140	chr17	13400526	13400525	-	0.545454545454545	NA	Intergenic	RLTR28|LTR|ERVL	45953	NM_001167578	100041352		NM_001167578	ENSMUSG00000052469	Tcp10c	D17Leh66C|D17Leh66ca|Gm9880|T66C-a|Tcp-10c	t-complex protein 10c	protein-coding
1-386	chrX	33081102	33081101	-	0.545454545454545	NA	Intergenic	ORR1A3-int|LTR|ERVL-MaLR	24815	NR_040388	100040552		NR_040388		Gm2837	-	spindlin family, member 2 pseudogene	pseudo
1-112	chr15	9016187	9016186	-	0.545454545454545	NA	intron (NM_198024, intron 8 of 13)	(CA)n|Simple_repeat|Simple_repeat	48237	NM_198024	223332		NM_198024	ENSMUSG00000048424	Ranbp3l	C130037N17Rik	RAN binding protein 3-like	protein-coding
1-355	chr8	15519992	15519991	-	0.542857142857143	NA	Intergenic	LSU-rRNA_Hsa|rRNA|rRNA	462338	NM_008664	17930		NM_008664	ENSMUSG00000031461	Myom2	-	myomesin 2	protein-coding
1-166	chr2	164725758	164725757	+	0.538461538461538	NA	Intergenic	Intergenic	10452	NM_001040055	641368		NM_001040055	ENSMUSG00000074593	Spint5	Gm14316	serine protease inhibitor, Kunitz type 5	protein-coding
1-329	chr6	31060548	31060547	+	0.538461538461538	NA	Intergenic	Intergenic	2200	NR_029744	387222		NR_029744	ENSMUSG00000065610	Mir29a	Mirn29a|mir-29a|mmu-mir-29a	microRNA 29a	ncRNA
1-211	chr4	145693234	145693233	+	0.538461538461538	NA	intron (NM_001103158, intron 2 of 4)	intron (NM_001103158, intron 2 of 4)	22536	NM_001103158	100041379		NM_001103158	ENSMUSG00000058186	Zfp980	Gm13242	zinc finger protein 980	protein-coding
1-395	chrY	90740549	90740548	+	0.538461538461538	NA	Intergenic	Intergenic	14502	NR_137283	654820		NM_001039559	ENSMUSG00000072844	G530011O06Rik	-	RIKEN cDNA G530011O06 gene	ncRNA
1-274	chr5	15019890	15019889	+	0.535714285714286	NA	Intergenic	Intergenic	13118	NM_182957	66773		NM_182957	ENSMUSG00000091897	Gm17019	-	predicted gene 17019	protein-coding
1-394	chrY	89269547	89269546	-	0.533333333333333	NA	Intergenic	ETnERV3-int|LTR|ERVK	61437	NM_001373933	115489301		NM_001373933		Gm21838	-	predicted gene, 21838	protein-coding
1-330	chr6	58603756	58603755	-	0.529411764705882	NA	intron (NM_001381926, intron 2 of 16)	intron (NM_001381926, intron 2 of 16)	7083	NM_011920	26357		NM_011920	ENSMUSG00000029802	Abcg2	ABC15|ABCP|BCRP|Bcrp1|MXR|MXR1	ATP binding cassette subfamily G member 2 (Junior blood group)	protein-coding
1-287	chr5	15697868	15697867	-	0.529411764705882	NA	intron (NR_001585, intron 1 of 4)	L1Md_F2|LINE|L1	16404	NM_001281511	100502967		NM_001281511	ENSMUSG00000073208	Speer4c1	4933431D05Rik|SPEER-4C|Speer4c	spermatogenesis associated glutamate (E)-rich protein 4C1	protein-coding
1-255	chr4	147449971	147449970	+	0.526315789473684	NA	intron (NM_001371349, intron 1 of 3)	LTRIS2|LTR|ERV1	6856	NM_001371348	195531		NM_001039209	ENSMUSG00000078496	Zfp982	Gm13152	zinc finger protein 982	protein-coding
1-4	chr1	85025598	85025597	-	0.526315789473684	NA	Intergenic	Intergenic	-80496	NR_163968	621875		NM_001037910	ENSMUSG00000072109	A530040E14Rik	-	RIKEN cDNA A530040E14 gene	ncRNA
1-377	chr9	56223615	56223614	+	0.523809523809524	NA	intron (NM_172924, intron 6 of 6)	LSU-rRNA_Hsa|rRNA|rRNA	-62544	NM_019793	56434		NM_019793	ENSMUSG00000032324	Tspan3	1700055K04Rik|TM4-A|Tm4sf8	tetraspanin 3	protein-coding
1-262	chr5	13859248	13859247	-	0.523809523809524	NA	Intergenic	IAPLTR2a2_Mm|LTR|ERVK	49459	NM_001378268	626067		NM_001378268		Gm6650	EG626067	predicted gene 6650	protein-coding
1-375	chr9	3011428	3011427	+	0.521739130434783	NA	Intergenic	GSAT_MM|Satellite|Satellite	27316	NR_039546	100628572		NR_039546	ENSMUSG00000106183	Mir101c	mir-101c|mmu-mir-101c	microRNA 101c	ncRNA
1-344	chr7	43195429	43195428	-	0.52	NA	Intergenic	B2_Mm2|SINE|B2	17838	NM_001034893	668620		NM_001034893	ENSMUSG00000064194	Zfp936	EG435970|EG668620|Gm9272|I1C0022H11Rik	zinc finger protein 936	protein-coding
1-392	chrX	169996600	169996599	+	0.52	NA	Intergenic	Intergenic	-17682	NR_029457	654820		NM_001039559	ENSMUSG00000072844	G530011O06Rik	-	RIKEN cDNA G530011O06 gene	ncRNA
1-391	chrX	169987430	169987429	+	0.516129032258065	NA	intron (NM_001290504, intron 8 of 9)	CpG	-8512	NR_029457	654820		NM_001039559	ENSMUSG00000072844	G530011O06Rik	-	RIKEN cDNA G530011O06 gene	ncRNA
1-17	chr1	85455351	85455350	+	0.5	NA	Intergenic	ORR1E-int|LTR|ERVL-MaLR	-89465	NM_001378663	101055758		NM_001378663	ENSMUSG00000118607	Gm7592	EG665338	predicted gene 7592	protein-coding
1-216	chr4	145837215	145837214	+	0.5	NA	promoter-TSS (NR_033612)	promoter-TSS (NR_033612)	-5	NR_033612	236069		NR_033612	ENSMUSG00000096233	Gm13238	-	carnitine deficiency-associated gene expressed in ventricle 3 pseudogene	pseudo
1-8	chr1	85087932	85087931	-	0.5	NA	TTS (NM_213615)	TTS (NM_213615)	-18162	NR_163968	621875		NM_001037910	ENSMUSG00000072109	A530040E14Rik	-	RIKEN cDNA A530040E14 gene	ncRNA
1-40	chr1	88302486	88302485	-	0.5	NA	Intergenic	Lx8|LINE|L1	-4250	NM_134252	171382		NM_134252	ENSMUSG00000036251	Trpm8	CMR1|LTRPC6|LTrpC-6|TRPP8|Trp-p8	transient receptor potential cation channel, subfamily M, member 8	protein-coding
1-238	chr4	147235832	147235831	+	0.5	NA	intron (NM_001378742, intron 1 of 4)	intron (NM_001378742, intron 1 of 4)	-69773	NM_001384232	115489950		NM_001384232	ENSMUSG00000078498	Zfp988	Gm13151	zinc finger protein 988	protein-coding
1-184	chr3	106178678	106178677	+	0.5	NA	Intergenic	Intergenic	-11113	NM_009892	12655		NM_009892	ENSMUSG00000040809	Chil3	Chi3l3|ECF-L|Ym1	chitinase-like 3	protein-coding
1-91	chr13	12848711	12848710	-	0.5	NA	Intergenic	Intergenic	-48631	NM_011118	18812		NM_011118	ENSMUSG00000056457	Prl2c3	Ghd1|MRP-2|MRP-3|Mrpplf3|PLF-2|PLF-3|Plf2|Prl2c4|mrp/plf3	prolactin family 2, subfamily c, member 3	protein-coding
1-364	chr8	20284959	20284958	-	0.5	NA	intron (NR_030708, intron 1 of 4)	intron (NR_030708, intron 1 of 4)	12474	NR_030708	547150		NR_030708	ENSMUSG00000121492	6820431F20Rik	-	cadherin 11 pseudogene	pseudo
1-369	chr8	20403810	20403809	+	0.5	NA	intron (NR_028428, intron 3 of 5)	RLTR17B_Mm|LTR|ERVK	21005	NR_028428	381598		NM_001024708	ENSMUSG00000121345	2610005L07Rik	2810038F24Rik|6720476A01Rik	cadherin 11 pseudogene	pseudo
1-122	chr16	4719573	4719572	-	0.5	NA	promoter-TSS (NM_001290763)	promoter-TSS (NM_001290763)	-216	NM_001290763	67824		NM_026393	ENSMUSG00000063445	Nmral1	1110025F24Rik	NmrA-like family domain containing 1	protein-coding
1-297	chr5	93687683	93687682	+	0.5	NA	Intergenic	L1Md_F2|LINE|L1	-16173	NM_001164284	381654		NM_001164284	ENSMUSG00000070686	Pramel34	-	PRAME like 34	protein-coding
1-69	chr11	12859048	12859047	-	0.5	NA	Intergenic	MTD|LTR|ERVL-MaLR	-394087	NM_001282993	12808		NM_172496	ENSMUSG00000020173	Cobl	-	cordon-bleu WH2 repeat	protein-coding
1-181	chr3	106162523	106162522	+	0.5	NA	intron (NM_009892, intron 3 of 10)	intron (NM_009892, intron 3 of 10)	5042	NM_009892	12655		NM_009892	ENSMUSG00000040809	Chil3	Chi3l3|ECF-L|Ym1	chitinase-like 3	protein-coding
1-104	chr13	119610448	119610447	+	0.5	NA	TTS (NM_001177666)	TTS (NM_001177666)	-13372	NM_020279	56838		NM_020279	ENSMUSG00000074715	Ccl28	CCK1|MEC|Scya28	C-C motif chemokine ligand 28	protein-coding
1-158	chr19	40119804	40119803	-	0.5	NA	Intergenic	Lx2|LINE|L1	30124	NM_134144	107141		NM_134144	ENSMUSG00000054827	Cyp2c50	-	cytochrome P450, family 2, subfamily c, polypeptide 50	protein-coding
1-67	chr11	5168796	5168795	+	0.5	NA	Intergenic	Intergenic	-16565	NM_001371000	140703		NM_080595	ENSMUSG00000034164	Emid1	CO-5|Emu1	EMI domain containing 1	protein-coding
1-2	chr1	57595531	57595530	+	0.5	NA	Intergenic	Intergenic	-179331	NM_144882	67198		NM_144882	ENSMUSG00000038305	Spats2l	2810022L02Rik|A230104H11Rik	spermatogenesis associated, serine-rich 2-like	protein-coding
1-348	chr7	68450070	68450069	+	0.5	NA	Intergenic	Intergenic	32645	NR_046208	71244		NR_046208	ENSMUSG00000108924	4933436H12Rik	-	RIKEN cDNA 4933436H12 gene	ncRNA
1-244	chr4	147276039	147276038	+	0.473684210526316	NA	intron (NM_001378742, intron 1 of 4)	CpG	-29566	NM_001384232	115489950		NM_001384232	ENSMUSG00000078498	Zfp988	Gm13151	zinc finger protein 988	protein-coding
1-159	chr19	40119870	40119869	-	0.473684210526316	NA	Intergenic	Lx2|LINE|L1	30190	NM_134144	107141		NM_134144	ENSMUSG00000054827	Cyp2c50	-	cytochrome P450, family 2, subfamily c, polypeptide 50	protein-coding
1-176	chr3	75412899	75412898	-	0.473684210526316	NA	intron (NM_001370850, intron 2 of 13)	L1Md_T|LINE|L1	18339	NM_001370850	213248		NM_001370850	ENSMUSG00000104301	Wdr49	EG213248	WD repeat domain 49	protein-coding
1-273	chr5	15014596	15014595	+	0.470588235294118	NA	Intergenic	L1Md_A|LINE|L1	18412	NM_182957	66773		NM_182957	ENSMUSG00000091897	Gm17019	-	predicted gene 17019	protein-coding
1-153	chr18	3064348	3064347	-	0.466666666666667	NA	Intergenic	IAPEY4_I-int|LTR|ERVK	59065	NM_001167539	100312476		NM_001167539	ENSMUSG00000091539	Vmn1r238	-	vomeronasal 1 receptor, 238	protein-coding
1-88	chr13	9834480	9834479	+	0.466666666666667	NA	Intergenic	L1Md_T|LINE|L1	-69158	NM_144516	66505		NM_144516	ENSMUSG00000021156	Zmynd11	2210402G22Rik|BS69	zinc finger, MYND domain containing 11	protein-coding
1-372	chr8	81802395	81802394	-	0.466666666666667	NA	intron (NM_001024617, intron 7 of 24)	intron (NM_001024617, intron 7 of 24)	459832	NM_001297591	234515		NM_001024617	ENSMUSG00000037940	Inpp4b	E130107I17Rik	inositol polyphosphate-4-phosphatase, type II	protein-coding
1-26	chr1	85600542	85600541	+	0.461538461538462	NA	promoter-TSS (NM_001013817)	promoter-TSS (NM_001013817)	-162	NM_001013817	434484		NM_001013817	ENSMUSG00000070031	Sp140	-	Sp140 nuclear body protein	protein-coding
1-51	chr1	171068053	171068052	-	0.461538461538462	NA	Intergenic	Intergenic	-3400	NR_106103	102466998		NR_106103	ENSMUSG00000118979	Mir6546	Gm27408|mmu-mir-6546	microRNA 6546	ncRNA
1-254	chr4	147449225	147449224	+	0.454545454545455	NA	intron (NM_001371349, intron 1 of 3)	intron (NM_001371349, intron 1 of 3)	6110	NM_001371348	195531		NM_001039209	ENSMUSG00000078496	Zfp982	Gm13152	zinc finger protein 982	protein-coding
1-219	chr4	146055340	146055339	+	0.454545454545455	NA	Intergenic	L1_Mus3|LINE|L1	-12185	NR_030771	627585		NM_001039233		Gm13034	-	SWI/SNF related, matrix associated, actin dependent regulator of chromatin, subfamily a, member 5 pseudogene	pseudo
1-354	chr8	12811415	12811414	+	0.454545454545455	NA	intron (NM_015804, intron 2 of 28)	intron (NM_015804, intron 2 of 28)	20505	NR_045775	100504249		NR_045775	ENSMUSG00000084780	Gm15350	-	predicted gene 15350	ncRNA
1-229	chr4	146475349	146475348	-	0.454545454545455	NA	Intergenic	CpG	26318	NM_001085522	433791		NM_001085522	ENSMUSG00000070605	Zfp992	Gm13251	zinc finger protein 992	protein-coding
1-16	chr1	85328598	85328597	+	0.454545454545455	NA	Intergenic	Intergenic	-1218	NR_165476	108167347		NM_001372515		Gm2619	100040135	component of Sp100-rs-like	pseudo
1-195	chr4	3224678	3224677	-	0.454545454545455	NA	Intergenic	Intergenic	-6505	NR_166063	108168923		NR_166062		Gm46840	-	predicted gene, 46840	ncRNA
1-215	chr4	145837214	145837213	-	0.45	NA	promoter-TSS (NR_033612)	promoter-TSS (NR_033612)	-6	NR_033612	236069		NR_033612	ENSMUSG00000096233	Gm13238	-	carnitine deficiency-associated gene expressed in ventricle 3 pseudogene	pseudo
1-130	chr17	13214548	13214547	+	0.45	NA	Intergenic	Intergenic	-6641	NM_013741	27263		NM_013741	ENSMUSG00000073458	Smok2a	Smok2	sperm motility kinase 2A	protein-coding
1-221	chr4	146103112	146103111	-	0.444444444444444	NA	intron (NM_001037926, intron 1 of 3)	intron (NM_001037926, intron 1 of 3)	5799	NM_001037926	626316		NM_001037926	ENSMUSG00000066009	Zfp987	Gm13051	zinc finger protein 987	protein-coding
1-252	chr4	147424646	147424645	+	0.444444444444444	NA	Intergenic	Intergenic	-18469	NM_001371349	195531		NM_001039209	ENSMUSG00000078496	Zfp982	Gm13152	zinc finger protein 982	protein-coding
1-7	chr1	85076907	85076906	+	0.4375	NA	Intergenic	RMER6A|LTR|ERVK	-29187	NR_163968	621875		NM_001037910	ENSMUSG00000072109	A530040E14Rik	-	RIKEN cDNA A530040E14 gene	ncRNA
1-107	chr14	41723705	41723704	-	0.4375	NA	Intergenic	L1Md_T|LINE|L1	-21796	NM_001384239	666376		NM_001384239		Gm8068	EG666376	predicted gene 8068	protein-coding
1-63	chr11	3170239	3170238	+	0.433333333333333	NA	intron (NM_001363224, intron 9 of 28)	B1_Mus1|SINE|Alu	23365	NM_030207	78887		NM_030207	ENSMUSG00000023764	Sfi1	-	Sfi1 homolog, spindle assembly associated (yeast)	protein-coding
1-214	chr4	145837213	145837212	+	0.433333333333333	NA	promoter-TSS (NR_033612)	promoter-TSS (NR_033612)	-7	NR_033612	236069		NR_033612	ENSMUSG00000096233	Gm13238	-	carnitine deficiency-associated gene expressed in ventricle 3 pseudogene	pseudo
1-253	chr4	147449142	147449141	+	0.428571428571429	NA	intron (NM_001371349, intron 1 of 3)	intron (NM_001371349, intron 1 of 3)	6027	NM_001371348	195531		NM_001039209	ENSMUSG00000078496	Zfp982	Gm13152	zinc finger protein 982	protein-coding
1-290	chr5	26007291	26007290	+	0.428571428571429	NA	Intergenic	Intergenic	-2563	NM_001281519	100038949		NM_001281519	ENSMUSG00000091049	Gm1979	-	predicted gene 1979	protein-coding
1-185	chr3	106184524	106184523	-	0.428571428571429	NA	Intergenic	IAPEY3-int|LTR|ERVK	-16959	NM_009892	12655		NM_009892	ENSMUSG00000040809	Chil3	Chi3l3|ECF-L|Ym1	chitinase-like 3	protein-coding
1-95	chr13	12917811	12917810	-	0.421052631578947	NA	Intergenic	Intergenic	87583	NM_031191	18811		NM_031191	ENSMUSG00000079092	Prl2c2	Ghd2|MRP-1|PLF-1|Plf|Plf1	prolactin family 2, subfamily c, member 2	protein-coding
1-393	chrX	170813726	170813725	-	0.421052631578947	NA	Intergenic	Intergenic	141081	NM_001308488	107626		NM_001199212	ENSMUSG00000093806	Asmt	Hiomt	acetylserotonin O-methyltransferase	protein-coding
1-114	chr15	55811899	55811898	+	0.416666666666667	NA	intron (NM_016667, intron 1 of 6)	L1Md_A|LINE|L1	95051	NM_016667	20649		NM_016667	ENSMUSG00000060429	Sntb1	-	syntrophin, basic 1	protein-coding
1-86	chr13	9834469	9834468	+	0.416666666666667	NA	Intergenic	L1Md_T|LINE|L1	-69147	NM_144516	66505		NM_144516	ENSMUSG00000021156	Zmynd11	2210402G22Rik|BS69	zinc finger, MYND domain containing 11	protein-coding
1-359	chr8	19764415	19764414	+	0.416666666666667	NA	intron (NM_001270553, intron 6 of 9).2	L1_Mus3|LINE|L1	34838	NM_001039553	626415		NM_001039553	ENSMUSG00000096265	Potefam3e	4930467E23Rik|Pote3e|TSAP	POTE ankyrin domain family member 3E	protein-coding
1-304	chr5	127010909	127010908	+	0.416666666666667	NA	Intergenic	L1Md_T|LINE|L1	-19881	NR_040685	71247		NR_040685	ENSMUSG00000105490	4933438B17Rik	-	RIKEN cDNA 4933438B17 gene	ncRNA
1-22	chr1	85552112	85552111	+	0.413793103448276	NA	TTS (NM_001378663)	TTS (NM_001378663)	7296	NM_001378663	101055758		NM_001378663	ENSMUSG00000118607	Gm7592	EG665338	predicted gene 7592	protein-coding
1-3	chr1	85011152	85011151	-	0.411764705882353	NA	Intergenic	Intergenic	-76068	NM_027921	71781		NM_027921	ENSMUSG00000026220	Slc16a14	1110004H10Rik	solute carrier family 16 (monocarboxylic acid transporters), member 14	protein-coding
1-240	chr4	147272700	147272699	-	0.4	NA	intron (NM_001378742, intron 1 of 4)	intron (NM_001378742, intron 1 of 4)	-32905	NM_001384232	115489950		NM_001384232	ENSMUSG00000078498	Zfp988	Gm13151	zinc finger protein 988	protein-coding
1-380	chrX	31179035	31179034	-	0.4	NA	Intergenic	Intergenic	-157335	NM_001085552	668960		NM_001085552	ENSMUSG00000095716	Btbd35f10	Gm14351	BTB domain containing 35, family member 10	protein-coding
1-246	chr4	147276049	147276048	+	0.4	NA	intron (NM_001378742, intron 1 of 4)	CpG	-29556	NM_001384232	115489950		NM_001384232	ENSMUSG00000078498	Zfp988	Gm13151	zinc finger protein 988	protein-coding
1-41	chr1	88303467	88303466	-	0.4	NA	Intergenic	MLT1B|LTR|ERVL-MaLR	-3269	NM_134252	171382		NM_134252	ENSMUSG00000036251	Trpm8	CMR1|LTRPC6|LTrpC-6|TRPP8|Trp-p8	transient receptor potential cation channel, subfamily M, member 8	protein-coding
1-80	chr12	88121529	88121528	-	0.388888888888889	NA	Intergenic	Lx2|LINE|L1	60366	NR_136900	100039315		NM_001105254	ENSMUSG00000066027	Pramel51	Gm10436	PRAME like 51	protein-coding
1-87	chr13	9834473	9834472	+	0.384615384615385	NA	Intergenic	L1Md_T|LINE|L1	-69151	NM_144516	66505		NM_144516	ENSMUSG00000021156	Zmynd11	2210402G22Rik|BS69	zinc finger, MYND domain containing 11	protein-coding
1-161	chr19	49663927	49663926	-	0.375	NA	Intergenic	IAPEz-int|LTR|ERVK	-1013479	NR_166832	102631841		NR_166832	ENSMUSG00000097446	Gm26629	-	predicted gene, 26629	ncRNA
1-222	chr4	146203579	146203578	-	0.375	NA	Intergenic	Intergenic	45888	NM_001177545	667666		NM_001177545	ENSMUSG00000066007	Zfp600	Gm13164	zinc finger protein 600	protein-coding
1-243	chr4	147276024	147276023	+	0.375	NA	intron (NM_001378742, intron 1 of 4)	CpG	-29581	NM_001384232	115489950		NM_001384232	ENSMUSG00000078498	Zfp988	Gm13151	zinc finger protein 988	protein-coding
1-289	chr5	25938628	25938627	-	0.375	NA	intron (NM_001378637, intron 4 of 4)	intron (NM_001378637, intron 4 of 4)	3739	NM_001378637	100862349		NM_001378637	ENSMUSG00000104824	Gm21663	-	predicted gene, 21663	protein-coding
1-32	chr1	88239476	88239475	+	0.368421052631579	NA	intron (NM_001281466, intron 15 of 41)	intron (NM_001281466, intron 15 of 41)	12455	NM_001281466	100040766		NM_001177364	ENSMUSG00000079429	Mroh2a	Heatr7b1	maestro heat-like repeat family member 2A	protein-coding
1-228	chr4	146475325	146475324	+	0.368421052631579	NA	Intergenic	CpG	26294	NM_001085522	433791		NM_001085522	ENSMUSG00000070605	Zfp992	Gm13251	zinc finger protein 992	protein-coding
1-209	chr4	145579105	145579104	+	0.363636363636364	NA	Intergenic	Intergenic	-6096	NM_001324416	433801		NM_001013808	ENSMUSG00000078502	Zfp268	Gm13212	zinc finger protein 268	protein-coding
1-232	chr4	146514045	146514044	-	0.363636363636364	NA	promoter-TSS (NM_001243139)	promoter-TSS (NM_001243139)	-876	NM_001243139	100041433		NM_001243138	ENSMUSG00000056300	Zfp981	Gm13247	zinc finger protein 981	protein-coding
1-227	chr4	146456475	146456474	-	0.361111111111111	NA	intron (NM_001083918, intron 4 of 6)	RMER17C-int|LTR|ERVK	7444	NM_001085522	433791		NM_001085522	ENSMUSG00000070605	Zfp992	Gm13251	zinc finger protein 992	protein-coding
1-115	chr15	70488761	70488760	+	0.36	NA	Intergenic	L1Md_A|LINE|L1	564527	NR_045071	100503580		NR_045071	ENSMUSG00000116483	Gm19782	-	predicted gene, 19782	ncRNA
1-97	chr13	12941614	12941613	-	0.352941176470588	NA	Intergenic	Intergenic	63780	NM_031191	18811		NM_031191	ENSMUSG00000079092	Prl2c2	Ghd2|MRP-1|PLF-1|Plf|Plf1	prolactin family 2, subfamily c, member 2	protein-coding
1-162	chr2	41987534	41987533	-	0.333333333333333	NA	intron (NM_053011, intron 2 of 90)	intron (NM_053011, intron 2 of 90)	460035	NR_105754	102465171		NR_105754	ENSMUSG00000098660	Mir6336	Gm27584|mmu-mir-6336	microRNA 6336	ncRNA
1-323	chr6	3182843	3182842	-	0.333333333333333	NA	Intergenic	Intergenic	-105677	NR_036696	667335		NR_036696	ENSMUSG00000106779	Gm8579	EG667335	spermatogenesis associated glutamate (E)-rich protein 4a pseudogene	pseudo
1-360	chr8	19785006	19785005	+	0.333333333333333	NA	intron (NM_001270553, intron 6 of 9).2	CpG	55429	NM_001039553	626415		NM_001039553	ENSMUSG00000096265	Potefam3e	4930467E23Rik|Pote3e|TSAP	POTE ankyrin domain family member 3E	protein-coding
1-242	chr4	147276022	147276021	+	0.333333333333333	NA	intron (NM_001378742, intron 1 of 4)	CpG	-29583	NM_001384232	115489950		NM_001384232	ENSMUSG00000078498	Zfp988	Gm13151	zinc finger protein 988	protein-coding
1-236	chr4	147124868	147124867	-	0.307692307692308	NA	promoter-TSS (NM_001378742)	promoter-TSS (NM_001378742)	-15	NM_001378742	108168963		NM_001378742		Zfp978	Gm13145	zinc finger protein 978	protein-coding
1-54	chr10	17500003	17500002	-	0.3	NA	Intergenic	MTA_Mm|LTR|ERVL-MaLR	-223226	NM_010828	17684		NM_010828	ENSMUSG00000039910	Cited2	ER154-like|Mrg1|Msg2|p35srj	Cbp/p300-interacting transactivator, with Glu/Asp-rich carboxy-terminal domain, 2	protein-coding
1	chr1	43778424	43778423	-	0.3	NA	intron (NM_026430, intron 7 of 14)	intron (NM_026430, intron 7 of 14)	47821	NM_024283	78896		NM_024283	ENSMUSG00000026051	Ecrg4	1500015O10Rik	ECRG4 augurin precursor	protein-coding
1-351	chr7	122393871	122393870	-	0.3	NA	intron (NM_008855, intron 2 of 16)	intron (NM_008855, intron 2 of 16)	104745	NM_008855	18751		NM_008855	ENSMUSG00000052889	Prkcb	PKC-B|PKC-Beta|Pkcb|Prkcb1|Prkcb2	protein kinase C, beta	protein-coding
1-321	chr5	146261320	146261319	-	0.3	NA	intron (NM_001359990, intron 2 of 12)	LSU-rRNA_Hsa|rRNA|rRNA	30069	NM_001359991	264064		NM_153599	ENSMUSG00000029635	Cdk8	-	cyclin dependent kinase 8	protein-coding
1-319	chr5	146261298	146261297	-	0.294117647058824	NA	intron (NM_001359990, intron 2 of 12)	LSU-rRNA_Hsa|rRNA|rRNA	30047	NM_001359991	264064		NM_153599	ENSMUSG00000029635	Cdk8	-	cyclin dependent kinase 8	protein-coding
1-318	chr5	146261294	146261293	-	0.294117647058824	NA	intron (NM_001359990, intron 2 of 12)	LSU-rRNA_Hsa|rRNA|rRNA	30043	NM_001359991	264064		NM_153599	ENSMUSG00000029635	Cdk8	-	cyclin dependent kinase 8	protein-coding
1-316	chr5	146261260	146261259	-	0.285714285714286	NA	intron (NM_001359990, intron 2 of 12)	LSU-rRNA_Hsa|rRNA|rRNA	30009	NM_001359991	264064		NM_153599	ENSMUSG00000029635	Cdk8	-	cyclin dependent kinase 8	protein-coding
1-315	chr5	146261252	146261251	-	0.285714285714286	NA	intron (NM_001359990, intron 2 of 12)	LSU-rRNA_Hsa|rRNA|rRNA	30001	NM_001359991	264064		NM_153599	ENSMUSG00000029635	Cdk8	-	cyclin dependent kinase 8	protein-coding
1-49	chr1	171064546	171064545	+	0.277777777777778	NA	TTS (NR_106103)	TTS (NR_106103)	107	NR_106103	102466998		NR_106103	ENSMUSG00000118979	Mir6546	Gm27408|mmu-mir-6546	microRNA 6546	ncRNA
1-146	chr17	39845263	39845262	-	0.272727272727273	NA	non-coding (NR_046233, exon 1 of 1)	non-coding (NR_046233, exon 1 of 1)	2265	NR_046233	100861531		NR_046233		Rn45s	-	45S pre-ribosomal RNA	rRNA
1-83	chr13	9834429	9834428	+	0.272727272727273	NA	Intergenic	L1Md_T|LINE|L1	-69107	NM_144516	66505		NM_144516	ENSMUSG00000021156	Zmynd11	2210402G22Rik|BS69	zinc finger, MYND domain containing 11	protein-coding
1-30	chr1	88211404	88211403	+	0.263157894736842	NA	promoter-TSS (NM_201645)	promoter-TSS (NM_201645)	-556	NM_201645	394436		NM_201645	ENSMUSG00000089960	Ugt1a1	Gnt1|UDPGT 1-1|UGT1A01|Udpgt-1a|UgtBr1	UDP glucuronosyltransferase 1 family, polypeptide A1	protein-coding
1-82	chr13	3406598	3406597	-	0.25	NA	Intergenic	Intergenic	-71635	NR_045363	76937		NR_015522	ENSMUSG00000097709	2810429I04Rik	1700024F13Rik	RIKEN cDNA 2810429I04 gene	ncRNA
1-324	chr6	3183123	3183122	-	0.25	NA	Intergenic	Intergenic	-105397	NR_036696	667335		NR_036696	ENSMUSG00000106779	Gm8579	EG667335	spermatogenesis associated glutamate (E)-rich protein 4a pseudogene	pseudo
1-155	chr19	34585756	34585755	-	0.25	NA	intron (NM_010501, intron 1 of 1)	MTEb|LTR|ERVL-MaLR	2226	NM_010501	15959		NM_010501	ENSMUSG00000074896	Ifit3	Ifi49|P49	interferon-induced protein with tetratricopeptide repeats 3	protein-coding
1-121	chr16	3254961	3254960	+	0.25	NA	Intergenic	L1_Mus3|LINE|L1	-337438	NM_146860	258859		NM_146860	ENSMUSG00000051003	Or1f19	MOR131-1|OR912-47M6|Olfr161	olfactory receptor family 1 subfamily F member 19	protein-coding
1-85	chr13	9834440	9834439	+	0.25	NA	Intergenic	L1Md_T|LINE|L1	-69118	NM_144516	66505		NM_144516	ENSMUSG00000021156	Zmynd11	2210402G22Rik|BS69	zinc finger, MYND domain containing 11	protein-coding
1-357	chr8	19712121	19712120	-	0.25	NA	Intergenic	Intergenic	-17456	NM_001270553	100861668		NM_001270553	ENSMUSG00000095294	Potefam3b	Gm21119|Pote3b	POTE ankyrin domain family member 3B	protein-coding
1-173	chr3	15461568	15461567	-	0.25	NA	Intergenic	Intergenic	-35140	NM_001002898	320832		NM_178792	ENSMUSG00000095788	Sirpb1a	9930027N05Rik|SIRP-beta|Sirpb|Sirpb1	signal-regulatory protein beta 1A	protein-coding
1-52	chr1	171070011	171070010	+	0.241379310344828	NA	Intergenic	Intergenic	-5358	NR_106103	102466998		NR_106103	ENSMUSG00000118979	Mir6546	Gm27408|mmu-mir-6546	microRNA 6546	ncRNA
1-101	chr13	44869833	44869832	-	0.24	NA	intron (NM_021878, intron 4 of 18)	LSU-rRNA_Hsa|rRNA|rRNA	132264	NM_025772	94245		NM_025772	ENSMUSG00000057531	Dtnbp1	5430437B18Rik|Bloc1s8|dysbindin|sdy	dystrobrevin binding protein 1	protein-coding
1-317	chr5	146261287	146261286	-	0.238095238095238	NA	intron (NM_001359990, intron 2 of 12)	LSU-rRNA_Hsa|rRNA|rRNA	30036	NM_001359991	264064		NM_153599	ENSMUSG00000029635	Cdk8	-	cyclin dependent kinase 8	protein-coding
1-188	chr3	106233116	106233115	-	0.235294117647059	NA	Intergenic	RLTR13D3A1|LTR|ERVK	-13636	NM_145126	104183		NM_145126	ENSMUSG00000063779	Chil4	Chi3l4|Ym2	chitinase-like 4	protein-coding
1-235	chr4	147086990	147086989	+	0.230769230769231	NA	Intergenic	CpG	-18553	NR_045446	71270		NR_045446	ENSMUSG00000093617	4933438K21Rik	-	RIKEN cDNA 4933438K21 gene	ncRNA
1-119	chr16	3116248	3116247	+	0.222222222222222	NA	Intergenic	B1_Mur3|SINE|Alu	-476151	NM_146860	258859		NM_146860	ENSMUSG00000051003	Or1f19	MOR131-1|OR912-47M6|Olfr161	olfactory receptor family 1 subfamily F member 19	protein-coding
1-84	chr13	9834430	9834429	-	0.217391304347826	NA	Intergenic	L1Md_T|LINE|L1	-69108	NM_144516	66505		NM_144516	ENSMUSG00000021156	Zmynd11	2210402G22Rik|BS69	zinc finger, MYND domain containing 11	protein-coding
1-33	chr1	88276061	88276060	-	0.212121212121212	NA	intron (NM_172505, intron 2 of 4)	intron (NM_172505, intron 2 of 4)	1497	NM_172505	212427		NM_172505		A730008H23Rik	Fleg1	RIKEN cDNA A730008H23 gene	protein-coding
1-127	chr16	57391395	57391394	+	0.210526315789474	NA	intron (NM_001040397, intron 1 of 4)	LSU-rRNA_Hsa|rRNA|rRNA	38117	NM_001040397	78749		NM_001040397	ENSMUSG00000043336	Filip1l	4631422O05Rik|Doc1	filamin A interacting protein 1-like	protein-coding
1-124	chr16	35981737	35981736	+	0.210526315789474	NA	Intergenic	LSU-rRNA_Hsa|rRNA|rRNA	-1627	NM_008465	16646		NM_008465	ENSMUSG00000022905	Kpna1	IPOA5|NPI1|Rch2|mSRP1	karyopherin subunit alpha 1	protein-coding
1-197	chr4	3256231	3256230	+	0.210526315789474	NA	intron (NR_166063, intron 4 of 4)	MMERVK10C-int|LTR|ERVK	25048	NR_166062	108168923		NR_166062		Gm46840	-	predicted gene, 46840	ncRNA
1-38	chr1	88292084	88292083	-	0.206896551724138	NA	Intergenic	Intergenic	-14504	NM_198652	381280		NM_198652	ENSMUSG00000044783	Hjurp	6430706D22Rik|A730008H23Rik|C330011F01Rik|Gm975|Mfleg1	Holliday junction recognition protein	protein-coding
1-71	chr11	79584279	79584278	-	0.2	NA	Intergenic	ID4|SINE|ID	-6934	NM_175543	268451		NM_175543	ENSMUSG00000017639	Rab11fip4	A730072L08Rik|RAB11-FIP4|mKIAA1821	RAB11 family interacting protein 4 (class II)	protein-coding
1-199	chr4	34688658	34688657	+	0.2	NA	TTS (NM_001347062)	TTS (NM_001347062)	-1219	NM_011895	24060		NM_011895	ENSMUSG00000028293	Slc35a1	CMP-SA-Tr|CMP-Sia-Tr|CST	solute carrier family 35 (CMP-sialic acid transporter), member 1	protein-coding
1-339	chr7	22816974	22816973	-	0.2	NA	intron (NM_001270494, intron 1 of 1).3	L1Md_F2|LINE|L1	-26191	NM_001166841	100043067		NM_001166841	ENSMUSG00000094700	Vmn1r158	EG667554|Gm16455	vomeronasal 1 receptor 158	protein-coding
1-147	chr17	39846352	39846351	+	0.192307692307692	NA	non-coding (NR_046233, exon 1 of 1)	non-coding (NR_046233, exon 1 of 1)	3354	NR_046233	100861531		NR_046233		Rn45s	-	45S pre-ribosomal RNA	rRNA
1-50	chr1	171066153	171066152	-	0.19047619047619	NA	Intergenic	Intergenic	-1500	NR_106103	102466998		NR_106103	ENSMUSG00000118979	Mir6546	Gm27408|mmu-mir-6546	microRNA 6546	ncRNA
1-320	chr5	146261312	146261311	-	0.1875	NA	intron (NM_001359990, intron 2 of 12)	LSU-rRNA_Hsa|rRNA|rRNA	30061	NM_001359991	264064		NM_153599	ENSMUSG00000029635	Cdk8	-	cyclin dependent kinase 8	protein-coding
1-144	chr17	23535075	23535074	+	0.181818181818182	NA	Intergenic	Intergenic	-15725	NR_126484	320020		NR_126484	ENSMUSG00000117322	6330415G19Rik	-	RIKEN cDNA 6330415G19 gene	ncRNA
1-15	chr1	85270340	85270339	-	0.166666666666667	NA	5' UTR (NM_175219, exon 1 of 8)	5' UTR (NM_175219, exon 1 of 8)	227	NM_001037909	620078		NM_175219	ENSMUSG00000052477	Sp140l2	4930565N07Rik|C130026I21Rik	Sp140 nuclear body protein like 2	protein-coding
1-39	chr1	88300779	88300778	+	0.16	NA	Intergenic	Intergenic	-5957	NM_134252	171382		NM_134252	ENSMUSG00000036251	Trpm8	CMR1|LTRPC6|LTrpC-6|TRPP8|Trp-p8	transient receptor potential cation channel, subfamily M, member 8	protein-coding
1-366	chr8	20297023	20297022	-	0.157894736842105	NA	intron (NR_030708, intron 1 of 4)	CpG	410	NR_030708	547150		NR_030708	ENSMUSG00000121492	6820431F20Rik	-	cadherin 11 pseudogene	pseudo
1-322	chr5	146261322	146261321	-	0.153846153846154	NA	intron (NM_001359990, intron 2 of 12)	LSU-rRNA_Hsa|rRNA|rRNA	30071	NM_001359991	264064		NM_153599	ENSMUSG00000029635	Cdk8	-	cyclin dependent kinase 8	protein-coding
1-365	chr8	20297018	20297017	-	0.15	NA	intron (NR_030708, intron 1 of 4)	CpG	415	NR_030708	547150		NR_030708	ENSMUSG00000121492	6820431F20Rik	-	cadherin 11 pseudogene	pseudo
1-361	chr8	20122723	20122722	+	0.142857142857143	NA	Intergenic	CpG	174710	NR_030708	547150		NR_030708	ENSMUSG00000121492	6820431F20Rik	-	cadherin 11 pseudogene	pseudo
1-367	chr8	20297053	20297052	-	0.142857142857143	NA	intron (NR_030708, intron 1 of 4)	CpG	380	NR_030708	547150		NR_030708	ENSMUSG00000121492	6820431F20Rik	-	cadherin 11 pseudogene	pseudo
1-53	chr1	171073824	171073823	-	0.136363636363636	NA	Intergenic	Intergenic	-9171	NR_106103	102466998		NR_106103	ENSMUSG00000118979	Mir6546	Gm27408|mmu-mir-6546	microRNA 6546	ncRNA
1-224	chr4	146239628	146239627	+	0.133333333333333	NA	Intergenic	CpG	-30758	NM_001083918	666532		NM_001083918	ENSMUSG00000067916	Zfp991	Gm13139	zinc finger protein 991	protein-coding
1-223	chr4	146239578	146239577	+	0.125	NA	Intergenic	CpG	-30808	NM_001083918	666532		NM_001083918	ENSMUSG00000067916	Zfp991	Gm13139	zinc finger protein 991	protein-coding
1-231	chr4	146496444	146496443	-	0.12	NA	Intergenic	MLTR18A_MM|LTR|ERVK	-5557	NM_001243138	100041433		NM_001243138	ENSMUSG00000056300	Zfp981	Gm13247	zinc finger protein 981	protein-coding
1-362	chr8	20122740	20122739	+	0.0967741935483871	NA	Intergenic	CpG	174693	NR_030708	547150		NR_030708	ENSMUSG00000121492	6820431F20Rik	-	cadherin 11 pseudogene	pseudo
1-356	chr8	15519993	15519992	-	0.0952380952380952	NA	Intergenic	LSU-rRNA_Hsa|rRNA|rRNA	462339	NM_008664	17930		NM_008664	ENSMUSG00000031461	Myom2	-	myomesin 2	protein-coding
1-291	chr5	26007357	26007356	+	0.0952380952380952	NA	Intergenic	Intergenic	-2629	NM_001281519	100038949		NM_001281519	ENSMUSG00000091049	Gm1979	-	predicted gene 1979	protein-coding
1-167	chr2	165246419	165246418	+	0.0714285714285714	NA	Intergenic	Intergenic	-11681	NM_174988	104010		NM_174988	ENSMUSG00000053166	Cdh22	-	cadherin 22	protein-coding
1-302	chr5	100571134	100571133	+	0	NA	intron (NM_139198, intron 1 of 4)	intron (NM_139198, intron 1 of 4)	1072	NM_139198	231507		NM_139198	ENSMUSG00000029322	Plac8	C15|D5Wsu111e	placenta-specific 8	protein-coding
